Order date,Continued date,ITC case No.,DOC case No.,AD/CVD,Review Sequence Group No.,Product Group,Product,Country,Column2,Column3,Fed Reg,Pub date,Link,Column1,Column12
10/21/1977,04/14/2016,AA-167,A-475-059,A,13,CH,Pressure sensitive plastic tape,Italy,,,81 FR 22048,2016/04/14,https://www.gpo.gov/fdsys/pkg/FR-2016-04-14/pdf/2016-08630.pdf,,
12/08/1978,04/23/2015,AA-188,A-588-068,A,12,ISO,Prestressed concrete steel wire strand,Japan,,,80 FR 22708,2015/04/23,http://www.gpo.gov/fdsys/pkg/FR-2015-04-23/pdf/2015-09528.pdf,,
01/31/1984,03/18/2016,A-125,A-570-001,A,35,CH,Potassium permanganate,China,,,81 FR 14835,2016/03/18,https://www.gpo.gov/fdsys/pkg/FR-2016-03-18/pdf/2016-06172.pdf,,
03/22/1984,09/22/2015,A-130,A-570-002,A,16,CH,Chloropicrin,China,,,80 FR 57149,2015/09/22,http://www.gpo.gov/fdsys/pkg/FR-2015-09-22/pdf/2015-24095.pdf,,
05/07/1984,02/07/2018,A-132,A-583-008,A,72,ISP,Small diameter carbon steel pipe ,Taiwan,,,83 FR 5402,2018/02/07,https://www.gpo.gov/fdsys/pkg/FR-2018-02-07/pdf/2018-02316.pdf,,
10/17/1984,11/05/2015,A-149,A-570-007,A,14,CH,Barium chloride,China,,,80 FR 68511,2015/11/05,http://www.gpo.gov/fdsys/pkg/FR-2015-11-05/pdf/2015-28250.pdf,,
03/05/1986,01/06/2017,A-263,A-122-503,A,32,ISO,Iron construction castings,Canada,,,82 FR 1699,2017/01/06,https://www.gpo.gov/fdsys/pkg/FR-2017-01-06/pdf/2017-00028.pdf,,
03/07/1986,02/07/2018,C-253,C-489-502,C,72,ISP,Welded carbon steel pipe ,Turkey,,,83 FR 5402,2012/07/17,https://www.gpo.gov/fdsys/pkg/FR-2018-02-07/pdf/2018-02316.pdf,,
03/11/1986,02/07/2018,A-252,A-549-502,A,72,ISP,Welded carbon steel pipe,Thailand,,,83 FR 5402,2012/07/17,https://www.gpo.gov/fdsys/pkg/FR-2018-02-07/pdf/2018-02316.pdf,,
03/11/1986,,C-None,C-507-501,C,  ,AG,Raw in-shell pistachios,Iran,,,,,,,
05/09/1986,01/06/2017,A-262,A-351-503,A,32,ISO,Iron construction castings,Brazil,,,82 FR 1699,2017/01/06,https://www.gpo.gov/fdsys/pkg/FR-2017-01-06/pdf/2017-00028.pdf,,
05/09/1986,01/06/2017,A-265,A-570-502,A,32,ISO,Iron construction castings,China,,,82 FR 1699,2017/01/06,https://www.gpo.gov/fdsys/pkg/FR-2017-01-06/pdf/2017-00028.pdf,,
05/12/1986,02/07/2018,A-271,A-533-502,A,72,ISP,Welded carbon steel pipe,India,,,83 FR 5402,2012/07/17,https://www.gpo.gov/fdsys/pkg/FR-2018-02-07/pdf/2018-02316.pdf,,
05/15/1986,02/07/2018,A-273,A-489-501,A,72,ISP,Welded carbon steel pipe ,Turkey,,,83 FR 5402,2012/07/17,https://www.gpo.gov/fdsys/pkg/FR-2018-02-07/pdf/2018-02316.pdf,,
05/15/1986,01/06/2017,C-249,C-351-504,C,32,ISO,Heavy iron construction castings,Brazil,,,82 FR 1699,2017/01/06,https://www.gpo.gov/fdsys/pkg/FR-2017-01-06/pdf/2017-00028.pdf,,
07/17/1986,07/13/2017,A-287,A-507-502,A,50,AG,Raw in-shell pistachios,Iran,,,82 FR 32325,2017/07/13,https://www.gpo.gov/fdsys/pkg/FR-2017-07-13/pdf/2017-14707.pdf,,
08/28/1986,05/26/2016,A-282,A-570-504,A,29,CH,Petroleum wax candles,China,,,81 FR 33466,2016/05/26,https://www.gpo.gov/fdsys/pkg/FR-2016-05-26/pdf/2016-12542.pdf,,
10/07/1986,,C-None,C-507-601,C,  ,CH,Roasted in-shell pistachios,Iran,,,,,,,
12/02/1986,08/11/2016,A-298,A-570-506,A,48,ISO,Porcelain-on-steel cooking ware,China,,,81 FR 53120,2016/08/11,https://www.gpo.gov/fdsys/pkg/FR-2016-08-11/pdf/2016-19143.pdf,,
12/17/1986,08/23/2016,A-308,A-351-602,A,37,ISO,Carbon steel butt-weld pipe fittings,Brazil,,,81 FR 57562,2016/08/23,https://www.gpo.gov/fdsys/pkg/FR-2016-08-23/pdf/2016-20174.pdf,,
12/17/1986,08/23/2016,A-310,A-583-605,A,37,ISO,Carbon steel butt-weld pipe fittings,Taiwan,,,81 FR 57562,2016/08/23,https://www.gpo.gov/fdsys/pkg/FR-2016-08-23/pdf/2016-20174.pdf,,
02/10/1987,08/23/2016,A-309,A-588-602,A,37,ISO,Carbon steel butt-weld pipe fittings,Japan,,,81 FR 57562,2016/08/23,https://www.gpo.gov/fdsys/pkg/FR-2016-08-23/pdf/2016-20174.pdf,,
03/06/1987,10/31/2017,A-313,A-427-602,A,51,MM,Brass sheet & strip,France,,,82 FR 50396,2017/10/31,https://www.gpo.gov/fdsys/pkg/FR-2017-10-31/pdf/2017-23642.pdf,,
03/06/1987,10/31/2017,A-314,A-475-601,A,51,MM,Brass sheet & strip,Italy,,,82 FR 50396,2017/10/31,https://www.gpo.gov/fdsys/pkg/FR-2017-10-31/pdf/2017-23642.pdf,,
03/06/1987,10/31/2017,A-317,A-428-806,A,51,MM,Brass sheet & strip,Germany,,,82 FR 50396,2017/10/31,https://www.gpo.gov/fdsys/pkg/FR-2017-10-31/pdf/2017-23642.pdf,,
06/15/1987,10/17/2018,A-344,A-570-601,A,61,ME,Tapered roller bearings,China,,,83 FR 52384,2018/10/17,https://www.gpo.gov/fdsys/pkg/FR-2018-10-17/pdf/2018-22579.pdf,,
08/12/1988,10/31/2017,A-379,A-588-704,A,51,MM,Brass sheet & strip,Japan,,,82 FR 50396,2017/10/31,https://www.gpo.gov/fdsys/pkg/FR-2017-10-31/pdf/2017-23642.pdf,,
03/27/1989,08/09/2017,A-410,A-583-803,A,72,ISP,Light-walled rectangular tube,Taiwan,,,82 FR 37193,2017/08/09,https://www.gpo.gov/fdsys/pkg/FR-2017-08-09/pdf/2017-16772.pdf,,
02/19/1991,01/06/2017,A-457-A,A-570-803,A,67,MSC,Heavy forged hand tools-Axes & adzes,China,,,82 FR 1695,2017/01/06,https://www.gpo.gov/fdsys/pkg/FR-2017-01-06/pdf/2017-00030.pdf,,
02/19/1991,01/06/2017,A-457-B,A-570-803,A,67,MSC,Heavy forged hand tools-Bars & wedges,China,,,82 FR 1695,2017/01/06,https://www.gpo.gov/fdsys/pkg/FR-2017-01-06/pdf/2017-00030.pdf,,
02/19/1991,01/06/2017,A-457-C,A-570-803,A,67,MSC,Heavy forged hand tools-Hammers & sledges,China,,,82 FR 1695,2017/01/06,https://www.gpo.gov/fdsys/pkg/FR-2017-01-06/pdf/2017-00030.pdf,,
02/19/1991,01/06/2017,A-457-D,A-570-803,A,67,MSC,Heavy forged hand tools-Picks & mattocks,China,,,82 FR 1695,2017/01/06,https://www.gpo.gov/fdsys/pkg/FR-2017-01-06/pdf/2017-00030.pdf,,
05/10/1991,07/17/2017,A-461,A-588-815,A,78,PRSGC,Gray portland cement & clinker,Japan,,,82 FR 32682,2017/07/17,https://www.gpo.gov/fdsys/pkg/FR-2017-07-17/pdf/2017-14955.pdf,,
06/10/1991,06/04/2018,A-472,A-570-806,A,80,CH,Silicon metal,China,,,83 FR 25644,2018/06/04,https://www.gpo.gov/fdsys/pkg/FR-2018-06-04/pdf/2018-11904.pdf,,
07/06/1992,08/23/2016,A-520,A-570-814,A,37,ISO,Carbon steel butt-weld pipe fittings,China,,,81 FR 57562,2016/08/23,https://www.gpo.gov/fdsys/pkg/FR-2016-08-23/pdf/2016-20174.pdf,,
07/06/1992,08/23/2016,A-521,A-549-807,A,37,ISO,Carbon steel butt-weld pipe fittings,Thailand,,,81 FR 57562,2016/08/23,https://www.gpo.gov/fdsys/pkg/FR-2016-08-23/pdf/2016-20174.pdf,,
08/19/1992,05/09/2017,A-538,A-570-815,A,55,CH,Sulfanilic acid,China,,,82 FR 21520,2017/05/09,https://www.gpo.gov/fdsys/pkg/FR-2017-05-09/pdf/2017-09302.pdf,,
10/16/1992,10/02/2017,A-539-C,A-821-802,A,73,EN,Uranium (Suspended),Russia,,,82 FR 45810,2017/10/02,https://www.gpo.gov/fdsys/pkg/FR-2017-10-02/pdf/2017-21211.pdf,,
11/02/1992,02/07/2018,A-532,A-351-809,A,72,ISP,Circular welded nonalloy steel pipe,Brazil,,,83 FR 5402,2018/02/07,https://www.gpo.gov/fdsys/pkg/FR-2018-02-07/pdf/2018-02316.pdf,,
11/02/1992,02/07/2018,A-533,A-580-809,A,72,ISP,Circular welded nonalloy steel pipe,Korea,,,83 FR 5402,2018/02/07,https://www.gpo.gov/fdsys/pkg/FR-2018-02-07/pdf/2018-02316.pdf,,
11/02/1992,02/07/2018,A-534,A-201-805,A,72,ISP,Circular welded nonalloy steel pipe,Mexico,,,83 FR 5402,2018/02/07,https://www.gpo.gov/fdsys/pkg/FR-2018-02-07/pdf/2018-02316.pdf,,
11/02/1992,02/07/2018,A-536,A-583-814,A,72,ISP,Circular welded nonalloy steel pipe,Taiwan,,,83 FR 5402,2018/02/07,https://www.gpo.gov/fdsys/pkg/FR-2018-02-07/pdf/2018-02316.pdf,,
12/30/1992,06/30/2017,A-540,A-580-810,A,76,ISP,Welded ASTM A-312 stainless steel pipe,Korea,,,82 FR 29827,2017/06/30,https://www.gpo.gov/fdsys/pkg/FR-2017-06-30/pdf/2017-13988.pdf,,
12/30/1992,06/30/2017,A-541,A-583-815,A,76,ISP,Welded ASTM A-312 stainless steel pipe,Taiwan,,,82 FR 29827,2017/06/30,https://www.gpo.gov/fdsys/pkg/FR-2017-06-30/pdf/2017-13988.pdf,,
03/02/1993,05/09/2017,A-561,A-533-806,A,55,CH,Sulfanilic acid,India,,,82 FR 21520,2017/05/09,https://www.gpo.gov/fdsys/pkg/FR-2017-05-09/pdf/2017-09302.pdf,,
03/02/1993,05/09/2017,C-318,C-533-807,C,55,CH,Sulfanilic acid,India,,,82 FR 21520,2017/05/09,https://www.gpo.gov/fdsys/pkg/FR-2017-05-09/pdf/2017-09302.pdf,,
06/28/1993,05/26/2017,A-625,A-583-820,A,81,ISO,Helical spring lock washers,Taiwan,,,82 FR 24301,2017/05/26,https://www.gpo.gov/fdsys/pkg/FR-2017-05-26/pdf/2017-10871.pdf,,
10/19/1993,05/26/2017,A-624,A-570-822,A,81,ISO,Helical spring lock washers,China,,,82 FR 24301,2017/05/26,https://www.gpo.gov/fdsys/pkg/FR-2017-05-26/pdf/2017-10871.pdf,,
12/01/1993,01/23/2012,A-638,A-533-808,A,65,ISM,Stainless steel wire rod,India,,,77 FR 3231,2012/01/23,,,
11/16/1994,11/06/2017,A-683,A-570-831,A,83,AG,Fresh garlic,China,,,82 FR 51394,2017/11/06,https://www.gpo.gov/fdsys/pkg/FR-2017-11-06/pdf/2017-24071.pdf,,
11/25/1994,10/30/2017,A-663,A-570-826,A,69,MSC,Paper clips,China,,,82 FR 50120,2017/10/30,https://www.gpo.gov/fdsys/pkg/FR-2017-10-30/pdf/2017-23537.pdf,,
12/22/1994,12/12/2018,A-672,A-570-828,A,80,MM,Silicomanganese,China,,,83 FR 63830,2018/12/12,https://www.gpo.gov/fdsys/pkg/FR-2018-12-12/pdf/2018-26869.pdf,,
12/28/1994,09/01/2017,A-669,A-570-827,A,66,MSC,Cased pencils,China,,,82 FR 41608,2017/09/01,https://www.gpo.gov/fdsys/pkg/FR-2017-09-01/pdf/2017-18588.pdf,,
02/21/1995,08/09/2017,A-679,A-533-810,A,85,ISM,Stainless steel bar,India,,,83 FR 49910,2012/08/09,https://www.gpo.gov/fdsys/pkg/FR-2018-10-03/pdf/2018-21536.pdf,,
03/29/1995,02/15/2017,A-718,A-570-836,A,64,CH,Glycine,China,,,82 FR 10745,2017/02/15,https://www.gpo.gov/fdsys/pkg/FR-2017-02-15/pdf/2017-03048.pdf,,
05/12/1995,04/17/2017,A-696,A-570-832,A,77,MM,Pure magnesium (ingot),China,,,82 FR 18114,2014/04/17,https://www.gpo.gov/fdsys/pkg/FR-2017-04-17/pdf/2017-07698.pdf,,
06/21/1995,08/09/2017,A-703,A-570-835,A,86,CH,Furfuryl alcohol,China,,,82 FR 37194,2017/08/09,https://www.gpo.gov/fdsys/pkg/FR-2017-08-09/pdf/2017-16769.pdf,,
08/03/1995,02/28/2018,A-709,A-428-820,A,90,ISP,Seamless pipe (small diameter),Germany,,,83 FR 8651,2018/02/28,https://www.gpo.gov/fdsys/pkg/FR-2018-02-28/pdf/2018-04172.pdf,,
07/02/1996,12/18/2018,A-739,A-588-838,A,96,ISM,Clad steel plate,Japan,,,83 FR 64811,2018/12/18,https://www.govinfo.gov/content/pkg/FR-2018-12-18/pdf/2018-27332.pdf,,
07/24/1996,04/17/2019,A-734,A-475-818,A,97,AG,Pasta,Italy,,,84 FR 16002,2019/04/17,https://www.govinfo.gov/content/pkg/FR-2019-04-17/pdf/2019-07807.pdf,,
07/24/1996,04/17/2019,A-735,A-489-805,A,97,AG,Pasta,Turkey,,,84 FR 16002,2019/04/17,https://www.govinfo.gov/content/pkg/FR-2019-04-17/pdf/2019-07807.pdf,,
07/24/1996,04/17/2019,C-365,C-475-819,C,97,AG,Pasta,Italy,,,84 FR 16002,2019/04/17,https://www.govinfo.gov/content/pkg/FR-2019-04-17/pdf/2019-07807.pdf,,
07/24/1996,04/17/2019,C-366,C-489-806,C,97,AG,Pasta,Turkey,,,84 FR 16002,2019/04/17,https://www.govinfo.gov/content/pkg/FR-2019-04-17/pdf/2019-07807.pdf,,
11/01/1996,12/16/2002,A-747,A-201-820,A,1,AG,Fresh tomatoes (Suspended),Mexico,,,78 FR 14967,2013/03/08,,,
07/07/1997,03/28/2014,A-749,A-570-847,A,5,CH,Persulfates,China,,,84 FR 45123,2019/08/28,https://www.govinfo.gov/content/pkg/FR-2019-08-28/pdf/2019-18558.pdf,,
10/24/1997,12/12/2015,A-753,A-570-849,A,7,ISM,Carbon steel plate ,China,,,80 FR 79306,2015/12/21,https://www.gpo.gov/fdsys/pkg/FR-2015-12-21/pdf/2015-32022.pdf,,
10/24/1997,12/12/2015,A-754,A-821-808,A,7,ISM,Carbon steel plate (Suspended),Russia,,,80 FR 79306,2015/12/21,https://www.gpo.gov/fdsys/pkg/FR-2015-12-21/pdf/2015-32022.pdf,,
10/24/1997,12/12/2015,A-756,A-823-808,A,7,ISM,Carbon steel plate (Suspended),Ukraine,,,80 FR 79306,2015/12/21,https://www.gpo.gov/fdsys/pkg/FR-2015-12-21/pdf/2015-32022.pdf,,
09/15/1998,08/15/2016,A-771,A-588-843,A,10,ISM,Stainless steel wire rod,Japan,,,81 FR 54043,2016/08/15,https://www.gpo.gov/fdsys/pkg/FR-2016-08-15/pdf/2016-19256.pdf,,
09/15/1998,08/15/2016,A-772,A-580-829,A,10,ISM,Stainless steel wire rod,Korea,,,81 FR 54043,2016/08/15,https://www.gpo.gov/fdsys/pkg/FR-2016-08-15/pdf/2016-19256.pdf,,
09/15/1998,08/15/2016,A-775,A-583-828,A,10,ISM,Stainless steel wire rod,Taiwan,,,81 FR 54043,2016/08/15,https://www.gpo.gov/fdsys/pkg/FR-2016-08-15/pdf/2016-19256.pdf,,
12/02/1998,09/02/2015,A-776,A-337-804,A,11,AG,Preserved mushrooms,Chile,,,80 FR 53104,2015/09/02,http://www.gpo.gov/fdsys/pkg/FR-2015-09-02/pdf/2015-21771.pdf,,
02/19/1999,09/02/2015,A-777,A-570-851,A,11,AG,Preserved mushrooms,China,,,80 FR 53104,2015/09/02,http://www.gpo.gov/fdsys/pkg/FR-2015-09-02/pdf/2015-21771.pdf,,
02/19/1999,09/02/2015,A-778,A-533-813,A,11,AG,Preserved mushrooms,India,,,80 FR 53104,2015/09/02,http://www.gpo.gov/fdsys/pkg/FR-2015-09-02/pdf/2015-21771.pdf,,
02/19/1999,09/02/2015,A-779,A-560-802,A,11,AG,Preserved mushrooms,Indonesia,,,80 FR 53104,2015/09/02,http://www.gpo.gov/fdsys/pkg/FR-2015-09-02/pdf/2015-21771.pdf,,
05/11/1999,01/09/2017,C-379,C-791-806,C,18,ISM,Stainless steel plate in coils,South Africa,,,82 FR 2322,2017/01/09,https://www.gpo.gov/fdsys/pkg/FR-2017-01-09/pdf/2017-00140.pdf,,
05/21/1999,01/09/2017,A-788,A-423-808,A,18,ISM,Stainless steel plate in coils,Belgium,,,82 FR 2322,2017/01/09,https://www.gpo.gov/fdsys/pkg/FR-2017-01-09/pdf/2017-00140.pdf,,
05/21/1999,01/09/2017,A-792,A-791-805,A,18,ISM,Stainless steel plate in coils,South Africa,,,82 FR 2322,2017/01/09,https://www.gpo.gov/fdsys/pkg/FR-2017-01-09/pdf/2017-00140.pdf,,
05/21/1999,01/09/2017,A-793,A-583-830,A,18,ISM,Stainless steel plate in coils,Taiwan,,,82 FR 2322,2017/01/09,https://www.gpo.gov/fdsys/pkg/FR-2017-01-09/pdf/2017-00140.pdf,,
07/12/1999,10/20/2016,A-808,A-821-809,A,24,ISM,Hot-rolled carbon steel flat products,Russia,,,81 FR 72569,2016/10/20,https://www.gpo.gov/fdsys/pkg/FR-2016-10-20/pdf/2016-25431.pdf,,
07/27/1999,10/03/2017,A-800,A-588-845,A,25,ISM,Stainless steel sheet & strip,Japan,,,82 FR 46036,2017/10/03,https://www.gpo.gov/fdsys/pkg/FR-2017-10-03/pdf/2017-21210.pdf,,
07/27/1999,10/03/2017,A-801,A-580-834,A,25,ISM,Stainless steel sheet & strip,Korea,,,82 FR 46036,2017/10/03,https://www.gpo.gov/fdsys/pkg/FR-2017-10-03/pdf/2017-21210.pdf,,
07/27/1999,10/03/2017,A-803,A-583-831,A,25,ISM,Stainless steel sheet & strip,Taiwan,,,82 FR 46036,2017/10/03,https://www.gpo.gov/fdsys/pkg/FR-2017-10-03/pdf/2017-21210.pdf,,
08/06/1999,10/03/2017,C-382,C-580-835,C,25,ISM,Stainless steel sheet & strip,Korea,,,82 FR 46036,2017/10/03,https://www.gpo.gov/fdsys/pkg/FR-2017-10-03/pdf/2017-21210.pdf,,
02/10/2000,03/12/2018,A-817,A-533-817,A,40,ISM,Carbon steel plate,India,,,83 FR 10672,2018/03/12,https://www.gpo.gov/fdsys/pkg/FR-2018-03-12/pdf/2018-04846.pdf,,
02/10/2000,03/12/2018,A-818,A-560-805,A,40,ISM,Carbon steel plate,Indonesia,,,83 FR 10672,2018/03/12,https://www.gpo.gov/fdsys/pkg/FR-2018-03-12/pdf/2018-04846.pdf,,
02/10/2000,03/12/2018,A-821,A-580-836,A,40,ISM,Carbon steel plate,Korea,,,83 FR 10672,2018/03/12,https://www.gpo.gov/fdsys/pkg/FR-2018-03-12/pdf/2018-04846.pdf,,
02/10/2000,03/12/2018,C-388,C-533-818,C,40,ISM,Carbon steel plate,India,,,83 FR 10672,2018/03/12,https://www.gpo.gov/fdsys/pkg/FR-2018-03-12/pdf/2018-04846.pdf,,
02/10/2000,03/12/2018,C-389,C-560-806,C,40,ISM,Carbon steel plate,Indonesia,,,83 FR 10672,2018/03/12,https://www.gpo.gov/fdsys/pkg/FR-2018-03-12/pdf/2018-04846.pdf,,
02/10/2000,03/12/2018,C-391,C-580-837,C,40,ISM,Carbon steel plate,Korea,,,83 FR 10672,2018/03/12,https://www.gpo.gov/fdsys/pkg/FR-2018-03-12/pdf/2018-04846.pdf,,
05/25/2000,02/10/2017,A-825,A-580-839,A,53,TX,Polyester staple fiber,Korea,,,82 FR 10330,2011/02/10,https://www.gpo.gov/fdsys/pkg/FR-2017-02-10/pdf/2017-02790.pdf,,
05/25/2000,02/10/2017,A-826,A-583-833,A,53,TX,Polyester staple fiber,Taiwan,,,82 FR 10330,2011/02/10,https://www.gpo.gov/fdsys/pkg/FR-2017-02-10/pdf/2017-02790.pdf,,
06/26/2000,11/13/2017,A-847-A,A-588-850,A,60,ISP,Large diameter seamless pipe,Japan,,,82 FR 52275,2017/11/13,https://www.gpo.gov/fdsys/pkg/FR-2017-11-13/pdf/2017-24515.pdf,,
06/26/2000,11/13/2017,A-847-B,A-588-851,A,60,ISP,Small diameter seamless pipe,Japan,,,82 FR 52275,2017/11/13,https://www.gpo.gov/fdsys/pkg/FR-2017-11-13/pdf/2017-24515.pdf,,
08/10/2000,11/13/2017,A-849,A-485-805,A,60,ISP,Small diameter seamless pipe,Romania,,,82 FR 52275,2017/11/13,https://www.gpo.gov/fdsys/pkg/FR-2017-11-13/pdf/2017-24515.pdf,,
08/28/2000,07/11/2018,A-860,A-588-854,A,74,ISM,Tin mill products,Japan,,,83 FR 32074,2018/07/11,https://www.gpo.gov/fdsys/pkg/FR-2018-07-11/pdf/2018-14826.pdf,,
02/23/2001,12/29/2017,A-865,A-475-828,A,82,ISO,Stainless steel butt-weld pipe fittings,Italy,,,82 FR 61751,2017/12/29,https://www.gpo.gov/fdsys/pkg/FR-2017-12-29/pdf/2017-28196.pdf,,
02/23/2001,12/29/2017,A-866,A-557-809,A,82,ISO,Stainless steel butt-weld pipe fittings,Malaysia,,,82 FR 61751,2017/12/29,https://www.gpo.gov/fdsys/pkg/FR-2017-12-29/pdf/2017-28196.pdf,,
02/23/2001,12/29/2017,A-867,A-565-801,A,82,ISO,Stainless steel butt-weld pipe fittings,Philippines,,,82 FR 61751,2017/12/29,https://www.gpo.gov/fdsys/pkg/FR-2017-12-29/pdf/2017-28196.pdf,,
09/07/2001,12/17/2018,A-873,A-822-804,A,92,ISM,Steel concrete reinforcing bar,Belarus,,,83 FR 64530,2018/12/17,https://www.govinfo.gov/content/pkg/FR-2018-12-17/pdf/2018-27239.pdf,,
09/07/2001,12/17/2018,A-874,A-570-860,A,92,ISM,Steel concrete reinforcing bar,China,,,83 FR 64530,2018/12/17,https://www.govinfo.gov/content/pkg/FR-2018-12-17/pdf/2018-27239.pdf,,
09/07/2001,12/17/2018,A-875,A-560-811,A,92,ISM,Steel concrete reinforcing bar,Indonesia,,,83 FR 64530,2018/12/17,https://www.govinfo.gov/content/pkg/FR-2018-12-17/pdf/2018-27239.pdf,,
09/07/2001,12/17/2018,A-878,A-449-804,A,92,ISM,Steel concrete reinforcing bar,Latvia,,,83 FR 64530,2018/12/17,https://www.govinfo.gov/content/pkg/FR-2018-12-17/pdf/2018-27239.pdf,,
09/07/2001,12/17/2018,A-879,A-841-804,A,92,ISM,Steel concrete reinforcing bar,Moldova,,,83 FR 64530,2018/12/17,https://www.govinfo.gov/content/pkg/FR-2018-12-17/pdf/2018-27239.pdf,,
09/07/2001,12/17/2018,A-880,A-455-803,A,92,ISM,Steel concrete reinforcing bar,Poland,,,83 FR 64530,2018/12/17,https://www.govinfo.gov/content/pkg/FR-2018-12-17/pdf/2018-27239.pdf,,
09/07/2001,12/17/2018,A-882,A-823-809,A,92,ISM,Steel concrete reinforcing bar,Ukraine,,,83 FR 64530,2018/12/17,https://www.govinfo.gov/content/pkg/FR-2018-12-17/pdf/2018-27239.pdf,,
09/17/2001,11/08/2012,A-673,A-823-805,A,80,MM,Silicomanganese,Ukraine ,,,77 FR 34012,2012/06/08,,,
09/17/2001,05/11/2018,A-891,A-570-862,A,95,EN,Foundry coke,China,,,83 FR 22007,2018/05/11,https://www.gpo.gov/fdsys/pkg/FR-2018-05-11/pdf/2018-10068.pdf,,
11/19/2001,03/12/2018,A-895,A-570-864,A,98,MM,Pure magnesium (granular),China,,,83 FR 10676,2018/03/12,https://www.gpo.gov/fdsys/pkg/FR-2018-03-12/pdf/2018-05023.pdf,,
11/29/2001,02/07/2014,A-899,A-570-865,A,93,ISM,Hot-rolled carbon steel flat products,China,,,79 FR 7425,2014/02/04,http://www.gpo.gov/fdsys/pkg/FR-2014-02-07/pdf/2014-02696.pdf,,
11/29/2001,02/07/2014,A-906,A-583-835,A,93,ISM,Hot-rolled carbon steel flat products,Taiwan,,,79 FR 7425,2014/02/04,http://www.gpo.gov/fdsys/pkg/FR-2014-02-07/pdf/2014-02696.pdf,,
11/29/2001,02/07/2014,A-907,A-549-817,A,93,ISM,Hot-rolled carbon steel flat products,Thailand,,,79 FR 7425,2014/02/04,http://www.gpo.gov/fdsys/pkg/FR-2014-02-07/pdf/2014-02696.pdf,,
11/29/2001,02/07/2014,A-908,A-823-811,A,93,ISM,Hot-rolled carbon steel flat products,Ukraine,,,79 FR 7425,2014/02/04,http://www.gpo.gov/fdsys/pkg/FR-2014-02-07/pdf/2014-02696.pdf,,
12/03/2001,02/07/2014,A-900,A-533-820,A,93,ISM,Hot-rolled carbon steel flat products,India,,,79 FR 7425,2014/02/04,http://www.gpo.gov/fdsys/pkg/FR-2014-02-07/pdf/2014-02696.pdf,,
12/03/2001,02/07/2014,A-901,A-560-812,A,93,ISM,Hot-rolled carbon steel flat products,Indonesia,,,79 FR 7425,2014/02/04,http://www.gpo.gov/fdsys/pkg/FR-2014-02-07/pdf/2014-02696.pdf,,
12/03/2001,02/07/2014,C-405,C-533-821,C,93,ISM,Hot-rolled carbon steel flat products,India,,,79 FR 7425,2014/02/04,http://www.gpo.gov/fdsys/pkg/FR-2014-02-07/pdf/2014-02696.pdf,,
12/03/2001,02/07/2014,C-406,C-560-813,C,93,ISM,Hot-rolled carbon steel flat products,Indonesia,,,79 FR 7425,2014/02/04,http://www.gpo.gov/fdsys/pkg/FR-2014-02-07/pdf/2014-02696.pdf,,
12/03/2001,02/07/2014,C-408,C-549-818,C,93,ISM,Hot-rolled carbon steel flat products,Thailand,,,79 FR 7425,2014/02/04,http://www.gpo.gov/fdsys/pkg/FR-2014-02-07/pdf/2014-02696.pdf,,
12/06/2001,10/29/2013,A-919,A-588-857,A,99,ISP,Welded large diameter line pipe,Japan,,,84 FR 54837,2019/10/11,https://www.govinfo.gov/content/pkg/FR-2019-10-11/pdf/2019-22339.pdf,,
12/10/2001,04/26/2018,A-893,A-570-863,A,100,AG,Honey,China,,,83 FR 18277,2018/04/26,https://www.gpo.gov/fdsys/pkg/FR-2018-04-26/pdf/2018-08776.pdf,,
01/08/2002,07/11/2018,A-921,A-570-866,A,101,AG,Folding gift boxes,China,,,83 FR 32073,2018/07/11,https://www.gpo.gov/fdsys/pkg/FR-2018-07-11/pdf/2018-14825.pdf,,
05/23/2002,06/12/2019,A-929,A-533-823,A,106,MM,Silicomanganese,India,,,84 FR 27243,2019/06/12,https://www.govinfo.gov/content/pkg/FR-2019-06-12/pdf/2019-12394.pdf,,
05/23/2002,06/12/2019,A-930,A-834-807,A,106,MM,Silicomanganese,Kazakhstan,,,84 FR 27243,2019/06/12,https://www.govinfo.gov/content/pkg/FR-2019-06-12/pdf/2019-12394.pdf,,
05/23/2002,06/12/2019,A-931,A-307-820,A,106,MM,Silicomanganese,Venezuela,,,84 FR 27243,2019/06/12,https://www.govinfo.gov/content/pkg/FR-2019-06-12/pdf/2019-12394.pdf,,
07/01/2002,08/06/2014,A-933,A-533-824,A,108,CH,Polyethylene terephthalate (PET) film,India,,,79 FR 45762,2014/08/06,http://www.gpo.gov/fdsys/pkg/FR-2014-08-06/pdf/2014-18599.pdf,,
07/01/2002,08/06/2014,A-934,A-583-837,A,108,CH,Polyethylene terephthalate (PET) film,Taiwan,,,79 FR 45762,2014/08/06,http://www.gpo.gov/fdsys/pkg/FR-2014-08-06/pdf/2014-18599.pdf,,
07/01/2002,08/06/2014,C-415,C-533-825,C,108,CH,Polyethylene terephthalate (PET) film,India,,,79 FR 45762,2014/08/06,http://www.gpo.gov/fdsys/pkg/FR-2014-08-06/pdf/2014-18599.pdf,,
10/22/2002,07/03/2014,C-417,C-351-833,C,110,ISM,Carbon steel wire rod,Brazil,,,85 FR 52953,2020/08/27,https://www.govinfo.gov/content/pkg/FR-2020-08-27/pdf/2020-18900.pdf,,
10/29/2002,07/03/2014,A-953,A-351-832,A,110,ISM,Carbon steel wire rod,Brazil,,,85 FR 52953,2020/08/27,https://www.govinfo.gov/content/pkg/FR-2020-08-27/pdf/2020-18900.pdf,,
10/29/2002,07/03/2014,A-957,A-560-815,A,110,ISM,Carbon steel wire rod,Indonesia,,,85 FR 52953,2020/08/27,https://www.govinfo.gov/content/pkg/FR-2020-08-27/pdf/2020-18900.pdf,,
10/29/2002,07/03/2014,A-958,A-201-830,A,110,ISM,Carbon steel wire rod,Mexico,,,85 FR 52953,2020/08/27,https://www.govinfo.gov/content/pkg/FR-2020-08-27/pdf/2020-18900.pdf,,
10/29/2002,07/03/2014,A-959,A-841-805,A,110,ISM,Carbon steel wire rod,Moldova,,,85 FR 52953,2020/08/27,https://www.govinfo.gov/content/pkg/FR-2020-08-27/pdf/2020-18900.pdf,,
10/29/2002,07/03/2014,A-961,A-274-804,A,110,ISM,Carbon steel wire rod,Trinidad & Tobago,,,85 FR 52953,2020/08/27,https://www.govinfo.gov/content/pkg/FR-2020-08-27/pdf/2020-18900.pdf,,
01/28/2003,02/18/2015,A-986,A-570-873,A,112,MM,Ferrovanadium ,China,,,80 FR 8607,2020/08/20,http://www.gpo.gov/fdsys/pkg/FR-2015-02-18/pdf/2015-03336.pdf4,,
01/28/2003,02/18/2015,A-987,A-791-815,A,112,MM,Ferrovanadium ,South Africa,,,80 FR 8607,2020/08/20,http://www.gpo.gov/fdsys/pkg/FR-2015-02-18/pdf/2015-03336.pdf4,,
03/26/2003,07/02/2014,A-991,A-821-817,A,113,CH,Silicon metal,Russia,,,85 FR 37831,2020/06/24,http://www.gpo.gov/fdsys/pkg/FR-2014-07-02/pdf/2014-15567.pdf,,
04/07/2003,07/09/2019,A-990,A-570-875,A,114,ISO,Non-malleable cast iron pipe fittings,China,,,84 FR 32722 ,2019/07/09,https://www.govinfo.gov/content/pkg/FR-2019-07-09/pdf/2019-14561.pdf,,
07/02/2003,05/27/2015,A-1016,A-588-861,A,116,CH,Polyvinyl alcohol,Japan,,,80 FR 30208,2015/05/27,http://www.gpo.gov/fdsys/pkg/FR-2015-05-27/pdf/2015-12788.pdf,,
08/12/2003,11/28/2014,A-1012,A-552-801,A,119,AG,Frozen fish fillets,Vietnam,,,79 FR 70853,2014/11/28,http://www.gpo.gov/fdsys/pkg/FR-2014-11-28/pdf/2014-28149.pdf,,
10/01/2003,05/27/2015,A-1014,A-570-879,A,116,CH,Polyvinyl alcohol,China,,,80 FR 30208,2015/05/27,http://www.gpo.gov/fdsys/pkg/FR-2015-05-27/pdf/2015-12788.pdf,,
10/01/2003,02/17/2015,A-1020,A-570-880,A,120,CH,Barium carbonate,China,,,80 FR 8286,2020/08/20,https://www.federalregister.gov/documents/2020/08/20/2020-18286/barium-carbonate-from-the-peoples-republic-of-china-continuation-of-antidumping-duty-order,,
11/19/2003,02/25/2020,A-1022,A-570-882,A,122,CH,Refined brown aluminum oxide,China,,,79 FR 61606,2020/03/06,https://www.govinfo.gov/content/pkg/FR-2020-03-06/pdf/2020-04624.pdf,,
12/12/2003,08/12/2014,A-1021,A-570-881,A,123,ISO,Malleable iron pipe fittings,China,,,84 FR 66375 ,2019/11/25,https://www.govinfo.gov/content/pkg/FR-2019-12-04/pdf/2019-26216.pdf,,
01/28/2004,04/23/2015,A-1024,A-351-837,A,125,ISO,Prestressed concrete steel wire strand,Brazil,,,80 FR 22708,2015/04/23,http://www.gpo.gov/fdsys/pkg/FR-2015-04-23/pdf/2015-09528.pdf,,
01/28/2004,04/23/2015,A-1025,A-533-828,A,125,ISO,Prestressed concrete steel wire strand,India,,,80 FR 22708,2015/04/23,http://www.gpo.gov/fdsys/pkg/FR-2015-04-23/pdf/2015-09528.pdf,,
01/28/2004,04/23/2015,A-1026,A-580-852,A,125,ISO,Prestressed concrete steel wire strand,Korea,,,80 FR 22708,2015/04/23,http://www.gpo.gov/fdsys/pkg/FR-2015-04-23/pdf/2015-09528.pdf,,
01/28/2004,04/23/2015,A-1027,A-201-831,A,125,ISO,Prestressed concrete steel wire strand,Mexico,,,80 FR 22708,2015/04/23,http://www.gpo.gov/fdsys/pkg/FR-2015-04-23/pdf/2015-09528.pdf,,
01/28/2004,04/23/2015,A-1028,A-549-820,A,125,ISO,Prestressed concrete steel wire strand,Thailand,,,80 FR 22708,2015/04/23,http://www.gpo.gov/fdsys/pkg/FR-2015-04-23/pdf/2015-09528.pdf,,
02/04/2004,04/23/2015,C-432,C-533-829,C,125,ISO,Prestressed concrete steel wire strand,India,,,80 FR 22708,2015/04/23,http://www.gpo.gov/fdsys/pkg/FR-2015-04-23/pdf/2015-09528.pdf,,
08/06/2004,04/16/2015,A-1046,A-570-887,A,127,CH,Tetrahydrofurfuryl alcohol,China,,,80 FR 20470,2015/04/16,,,
08/06/2004,06/28/2010,A-1047,A-570-888,A,128,MSC,Ironing tables,China,,,75 FR 36629,2010/06/28,,,
08/09/2004,04/05/2016,A-1043,A-570-886,A,129,PRSG,Polyethylene retail carrier bags,China,,,81 FR 27087,2016/05/05,,,
08/09/2004,04/05/2016,A-1044,A-557-813,A,129,PRSG,Polyethylene retail carrier bags,Malaysia,,,81 FR 27087,2016/05/05,,,
08/09/2004,04/05/2016,A-1045,A-549-821,A,129,PRSG,Polyethylene retail carrier bags,Thailand,,,81 FR 27087,2016/05/05,,,
12/02/2004,08/19/2015,A-1059,A-570-891,A,130,TR,Hand trucks,China,,,80 FR 50266,2015/08/19,http://www.gpo.gov/fdsys/pkg/FR-2015-08-19/pdf/2015-20495.pdf,,
12/29/2004,11/17/2015,A-1060,A-570-892,A,131,CH,Carbazole Violet Pigment 23,China,,,80 FR 71773,2015/11/17,http://www.gpo.gov/fdsys/pkg/FR-2015-11-17/pdf/2015-29361.pdf,,
12/29/2004,11/17/2015,A-1061,A-533-838,A,131,CH,Carbazole Violet Pigment 23,India,,,80 FR 71773,2015/11/17,http://www.gpo.gov/fdsys/pkg/FR-2015-11-17/pdf/2015-29361.pdf,,
12/29/2004,11/17/2015,C-437,C-533-839,C,131,CH,Carbazole Violet Pigment 23,India,,,80 FR 71773,2015/11/17,http://www.gpo.gov/fdsys/pkg/FR-2015-11-17/pdf/2015-29361.pdf,,
01/04/2005,02/24/2017,A-1058,A-570-890,A,132,MSC,Wooden bedroom furniture,China,,,82 FR 11533,2017/02/24,https://www.gpo.gov/fdsys/pkg/FR-2017-02-24/pdf/2017-03639.pdf,,
01/25/2005,09/22/2015,A-1070-A,A-570-895,A,133,AG,Crepe paper,China,,,80 FR 57149,2015/09/22,http://www.gpo.gov/fdsys/pkg/FR-2015-09-22/pdf/2015-24038.pdf,,
02/01/2005,04/29/2016,A-1063,A-351-838,A,134,AG,Frozen warm-water shrimp and prawns,Brazil,,,82 FR 25242,2017/06/01,https://www.gpo.gov/fdsys/pkg/FR-2017-06-01/pdf/2017-11323.pdf,,
02/01/2005,04/29/2016,A-1064,A-570-893,A,134,AG,Frozen warm-water shrimp and prawns,China,,,82 FR 25242,2017/06/01,https://www.gpo.gov/fdsys/pkg/FR-2017-06-01/pdf/2017-11323.pdf,,
02/01/2005,04/29/2016,A-1066,A-533-840,A,134,AG,Frozen warm-water shrimp and prawns,India,,,82 FR 25242,2017/06/01,https://www.gpo.gov/fdsys/pkg/FR-2017-06-01/pdf/2017-11323.pdf,,
02/01/2005,04/29/2016,A-1067,A-549-822,A,134,AG,Frozen warm-water shrimp and prawns,Thailand,,,82 FR 25242,2017/06/01,https://www.gpo.gov/fdsys/pkg/FR-2017-06-01/pdf/2017-11323.pdf,,
02/01/2005,04/29/2016,A-1068,A-552-802,A,134,AG,Frozen warm-water shrimp and prawns,Vietnam,,,82 FR 25242,2017/06/01,https://www.gpo.gov/fdsys/pkg/FR-2017-06-01/pdf/2017-11323.pdf,,
03/30/2005,07/12/2016,A-1070-B,A-570-894,A,133,AG,Tissue paper,China,,,81 FR 45128,2016/07/12,https://www.gpo.gov/fdsys/pkg/FR-2016-07-12/pdf/2016-16465.pdf,,
04/15/2005,07/21/2016,A-1071,A-570-896,A,135,MM,Magnesium,China,,,81 FR 47351,2016/07/21,https://www.gpo.gov/fdsys/pkg/FR-2016-07-21/pdf/2016-17206.pdf,,
06/24/2005,11/29/2016,A-1082,A-570-898,A,136,CH,Chlorinated Isocyanurates,China,,,81 FR 85927,2016/11/29,https://www.gpo.gov/fdsys/pkg/FR-2016-11-29/pdf/2016-28702.pdf,,
06/24/2005,11/29/2016,A-1083,A-469-814,A,136,CH,Chlorinated Isocyanurates,Spain,,,81 FR 85927,2016/11/29,https://www.gpo.gov/fdsys/pkg/FR-2016-11-29/pdf/2016-28702.pdf,,
06/01/2006,03/21/2017,A-1091,A-570-899,A,140,TX,Artist canvas,China,,,82 FR 14502,2017/03/21,https://www.gpo.gov/fdsys/pkg/FR-2017-03-21/pdf/2017-05532.pdf,,
09/28/2006,03/06/2018,A-1095,A-570-901,A,141,AG,Lined paper,China,,,83 FR 9479,2018/03/06,https://www.gpo.gov/fdsys/pkg/FR-2018-03-06/pdf/2018-04501.pdf,,
09/28/2006,03/06/2018,A-1096,A-533-843,A,141,AG,Lined paper,India,,,83 FR 9479,2018/03/06,https://www.gpo.gov/fdsys/pkg/FR-2018-03-06/pdf/2018-04501.pdf,,
09/28/2006,03/06/2018,C-442,C-533-844,C,141,AG,Lined paper,India ,,,83 FR 9479,2018/03/06,https://www.gpo.gov/fdsys/pkg/FR-2018-03-06/pdf/2018-04501.pdf,,
04/27/2007,07/12/2018,A-1103,A-570-904,A,142,CH,Activated carbon,China,,,83 FR 32269,2018/07/12,https://www.gpo.gov/fdsys/pkg/FR-2018-07-12/pdf/2018-15014.pdf,,
06/01/2007,04/04/2018,A-1104,A-570-905,A,143,TX,Polyester staple fiber ,China,,,83 FR 14415,2018/04/04,https://www.gpo.gov/fdsys/pkg/FR-2018-04-04/pdf/2018-06838.pdf,,
09/10/2007,08/07/2013,A-1105,A-357-818,A,144,AG,Lemon juice (suspended),Argentina,,,78 FR 48145,2013/08/07,suspension continued,,
03/19/2008,03/01/2019,A-1110,A-570-908,A,145,CH,Sodium Hexametaphosphate,China,,,84 FR 7021,2019/03/01,https://www.govinfo.gov/content/pkg/FR-2019-03-01/pdf/2019-03682.pdf,,
05/30/2008,06/23/2014,A-1121,A-489-815,A,146,ISP,Light–walled rectangular pipe and tube,Turkey,,,85 FR 47169,2020/08/04,https://www.govinfo.gov/content/pkg/FR-2020-08-04/pdf/2020-16871.pdf,,
07/22/2008,06/26/2019,A-1116,A-570-910,A,147,ISP,Circular welded carbon quality steel pipe,China,,,84 FR 30086,2019/06/26,https://www.govinfo.gov/content/pkg/FR-2019-06-26/pdf/2019-13617.pdf,,
07/22/2008,06/26/2019,C-447,A-570-911,C,147,ISP,Circular welded carbon quality steel pipe,China,,,84 FR 30086 ,2019/06/26,http://www.gpo.gov/fdsys/pkg/FR-2013-12-04/pdf/2013-29028.pdf,,
08/01/2008,01/10/2014,A-1114,A-570-909,A,148,ISO,Steel nails,China,,,84 FR 66151 ,2014/01/10,https://www.govinfo.gov/content/pkg/FR-2019-12-03/pdf/2019-26140.pdf,,
08/05/2008,06/23/2014,A-1118,A-570-914,A,146,ISP,Light-walled rectangular pipe and tube,China,,,85 FR 47169,2020/08/04,https://www.govinfo.gov/content/pkg/FR-2020-08-04/pdf/2020-16871.pdf,,
08/05/2008,06/23/2014,A-1119,A-580-859,A,146,ISP,Light-walled rectangular pipe and tube,Korea,,,85 FR 47169,2020/08/04,https://www.govinfo.gov/content/pkg/FR-2020-08-04/pdf/2020-16871.pdf,,
08/05/2008,06/23/2014,A-1120,A-201-836,A,146,ISP,Light-walled rectangular pipe and tube,Mexico,,,85 FR 47169,2020/08/04,https://www.govinfo.gov/content/pkg/FR-2020-08-04/pdf/2020-16871.pdf,,
08/05/2008,06/23/2014,C-449,C-570-915,C,146,ISP,Light-walled rectangular pipe and tube,China,,,85 FR 47169,2020/08/04,https://www.govinfo.gov/content/pkg/FR-2020-08-04/pdf/2020-16871.pdf,,
08/07/2008,03/26/2014,A-1122,A-570-916,A,149,TX,Laminated woven sacks,China,,,84 FR 45128,2019/08/28,https://www.govinfo.gov/content/pkg/FR-2019-08-28/pdf/2019-18598.pdf,,
08/07/2008,03/26/2014,C-450,C-570-917,C,149,TX,Laminated woven sacks,China,,,84 FR 45128,2019/08/28,https://www.govinfo.gov/content/pkg/FR-2019-08-28/pdf/2019-18598.pdf,,
08/27/2008,08/12/2019,A-1136,A-570-925,A,150,CH,Sodium nitrite,China,,,84FR39804,2019/08/12,http://www.gpo.gov/fdsys/pkg/FR-2014-02-12/pdf/2014-03065.pdf,,
08/27/2008,02/12/2014,A-1137,A-428-841,A,150,CH,Sodium nitrite,Germany,,,79 FR 8438,2014/02/12,http://www.gpo.gov/fdsys/pkg/FR-2014-02-12/pdf/2014-03065.pdf,,
08/27/2008,08/12/2019,C-453,C-570-926,C,150,CH,Sodium nitrite,China,,,84FR39804,2019/08/12,http://www.gpo.gov/fdsys/pkg/FR-2014-09-05/pdf/2014-21210.pdf,,
09/17/2008,07/23/2019,A-1129,A-570-922,A,152,ME,Raw flexible magnets,China,,,79 FR 6886,2019/07/23,https://www.govinfo.gov/content/pkg/FR-2019-07-23/pdf/2019-15618.pdf,,
09/17/2008,02/05/2014,A-1130,A-583-842,A,152,ME,Raw flexible magnets,Taiwan,,,79 FR 6886,2014/02/05,http://www.gpo.gov/fdsys/pkg/FR-2014-02-05/pdf/2014-02438.pdf,,
09/17/2008,07/23/2019,C-452,C-570-923,C,152,ME,Raw flexible magnets,China,,,79 FR 6886,2019/07/23,https://www.govinfo.gov/content/pkg/FR-2019-07-23/pdf/2019-15618.pdf,,
10/06/2008,03/11/2014,A-1123,A-570-918,A,153,ISO,Steel wire garment hangers,China,,,84 FR 45127,2019/08/28,https://www.govinfo.gov/content/pkg/FR-2019-08-28/pdf/2019-18599.pdf,http://www.gpo.gov/fdsys/pkg/FR-2014-03-28/pdf/2014-06713.pdf,
10/07/2008,01/09/2015,A-1125,A-570-919,A,154,CH,Electrolytic manganese dioxide,China,,,85 FR 40970,2020/07/07,https://www.govinfo.gov/content/pkg/FR-2020-07-08/pdf/2020-14681.pdf,,
11/10/2008,02/06/2015,A-1132,A-570-924,A,155,PRSG,"Polyethylene terephthalate film,
sheet, and strip",China,,,80 FR 6689,2015/02/06,http://www.gpo.gov/fdsys/pkg/FR-2015-02-06/pdf/2015-02456.pdf,,
11/10/2008,02/06/2015,A-1134,A-520-803,A,155,PRSG,"Polyethylene terephthalate film,
sheet, and strip",United Arab Emirates,,,80 FR 6689,2015/02/06,http://www.gpo.gov/fdsys/pkg/FR-2015-02-06/pdf/2015-02456.pdf,,
11/24/2008,01/30/2015,A-1126,A-570-920,A,156,AG,Lightweight thermal paper,China,,,85 FR 40249,2020/07/06,https://www.govinfo.gov/content/pkg/FR-2020-07-06/pdf/2020-14437.pdf,,
11/24/2008,01/30/2015,C-451,C-570-921,C,156,AG,Lightweight thermal paper,China,,,85 FR 40249,2020/07/06,https://www.govinfo.gov/content/pkg/FR-2020-07-06/pdf/2020-14437.pdf,,
12/11/2008,04/23/2014,A-1141,A-791-821,A,157,MSC,Uncovered innerspring units,South Africa,,,79 FR 22624,2014/04/23,http://www.gpo.gov/fdsys/pkg/FR-2014-04-23/pdf/2014-09275.pdf,,
12/11/2008,04/23/2014,A-1142,A-552-803,A,157,MSC,Uncovered innerspring units,Vietnam,,,79 FR 22624,2014/04/23,http://www.gpo.gov/fdsys/pkg/FR-2014-04-23/pdf/2014-09275.pdf,,
01/23/2009,05/20/2014,C-455,C-570-936,C,158,ISP,Circular welded carbon quality steel line pipe,China,,,84 FR 52456,2019/09/25,http://www.gpo.gov/fdsys/pkg/FR-2014-05-20/pdf/2014-11682.pdf,,
02/19/2009,04/23/2014,A-1140,A-570-928,A,157,MSC,Uncovered innerspring units,China,,,79 FR 22624,2014/04/23,http://www.gpo.gov/fdsys/pkg/FR-2014-04-23/pdf/2014-09275.pdf,,
02/26/2009,06/23/2014,A-1143,A-570-929,A,159,MSC,Small diameter graphite electrodes,China,,,85 FR 19134,04/062020,https://www.govinfo.gov/content/pkg/FR-2020-04-06/pdf/2020-07150.pdf,,
03/17/2009,07/23/2014,A-1144,A-570-930,A,160,ISP,Circular welded austenitic stainless pressure pipe,China,,,84 FR 66883,2019/12/02,https://www.govinfo.gov/content/pkg/FR-2019-12-06/pdf/2019-26359.pdf,,
2009/03/19,08/02/2014,C-454,C-570-931,C,160,ISP,Circular welded austenitic stainless pressure pipe,China,,,84 FR 66883,2019/12/02,https://www.govinfo.gov/content/pkg/FR-2019-12-06/pdf/2019-26359.pdf,,
2009/04/14,03/03/2020,A-1145,A-570-932,A,161,ISO,Steel threaded rod,China,,,85 FR 13625,2020/03/09,https://www.govinfo.gov/content/pkg/FR-2019-11-29/pdf/2019-25888.pdf,,
2009/05/13,2014/05/20,A-1149,A-570-935,A,158,ISP,Circular welded carbon quality steel line pipe,China,,,84 FR 52456,2019/09/25,http://www.gpo.gov/fdsys/pkg/FR-2014-05-20/pdf/2014-11682.pdf,,
,,,,,,,,,,,,,,,
2009/05/29,2015/06/24,A-1152,A-570-937,A,164,CH,Citric acid and certain citrate,China,,,80 FR 36318,2015/06/24,https://www.govinfo.gov/content/pkg/FR-2015-06-24/pdf/2015-15399.pdf,,
2009/05/29,2015/06/24,C-456,C-570-938,C,164,CH,Citric acid and certain citrate,China,,,80 FR 36318,2015/06/24,https://www.govinfo.gov/content/pkg/FR-2015-06-24/pdf/2015-15399.pdf,,
2009/08/03,2015/02/04,A-1153,A-570-939,A,165,ME,Tow Behind Lawn Groomer,China,,,85 FR 46586,2020/08/03,https://www.govinfo.gov/content/pkg/FR-2020-08-03/pdf/2020-16692.pdf,,
2009/09/14,2015/03/12,A-1154,A-570-941,A,166,ME,Kitchen Appliance Shelving and Racks,China,,,80 FR 12983,2015/03/12,https://www.govinfo.gov/content/pkg/FR-2015-03-12/pdf/2015-05711.pdf,,
2009/09/14,2015/03/12,C-458,C-570-942,C,166,ME,Kitchen Appliance Shelving and Racks,China,,,80 FR 12983,2015/03/12,https://www.govinfo.gov/content/pkg/FR-2015-03-12/pdf/2015-05711.pdf,,
2009/12/11,2015/04/30,A-1155,A-533-848,A,167,CH,Commodity Matchbooks,India,,,84 FR 24232,2015/04/30,http://www.gpo.gov/fdsys/pkg/FR-2015-04-30/pdf/2015-10133.pdf,,
2009/12/11,2015/04/30,C-459,C-533-849,C,167,CH,Commodity Matchbooks,India,,,84 FR 24232,2015/04/30,http://www.gpo.gov/fdsys/pkg/FR-2015-04-30/pdf/2015-10133.pdf,,
2010/01/20,2015/05/18,C-463,C–570-944,C,168,ISP,Oil Country Tubular Goods,China,,,80 FR 28224,2015/05/18,http://www.gpo.gov/fdsys/pkg/FR-2015-05-18/pdf/2015-11981.pdf,,
2010/05/04,2016/04/05,A-1156,A-560-822,A,169,PRSG,Polyethylene Retail Carrier Bags,Indonesia,,,81 FR 27087,2016/05/05,https://www.govinfo.gov/content/pkg/FR-2016-05-05/pdf/2016-10625.pdf,,
2010/05/04,2016/04/05,A-1157,A-583-843,A,169,PRSG,Polyethylene Retail Carrier Bags,Taiwan,,,81 FR 27087,2016/05/05,https://www.govinfo.gov/content/pkg/FR-2016-05-05/pdf/2016-10625.pdf,,
2010/05/04,2016/04/05,A-1158,A-522-806,A,169,PRSG,Polyethylene Retail Carrier Bags,Vietnam,,,81 FR 27087,2016/05/05,https://www.govinfo.gov/content/pkg/FR-2016-05-05/pdf/2016-10625.pdf,,
2010/05/04,2016/04/05,C-462,C-522-805,C,169,PRSG,Polyethylene Retail Carrier Bags,Vietnam,,,81 FR 27087,2016/05/05,https://www.govinfo.gov/content/pkg/FR-2016-05-05/pdf/2016-10625.pdf,,
2010/05/21,2015/05/18,A-1159,A-570–943,A,170,ISP,Oil Country Tubular Goods,China,,,80 FR 28224,2015/05/18,http://www.gpo.gov/fdsys/pkg/FR-2015-05-18/pdf/2015-11981.pdf,,
2010/06/29,2015/10/13,A-1160,A-570-945,A,171,ISO,Prestressed Concrete Steel Wire Strand,China,,,80 FR 61372,2015/10/13,http://www.gpo.gov/fdsys/pkg/FR-2015-10-13/pdf/2015-25978.pdf,,
2010/07/07,2015/10/13,C-464,C-570-946,C,171,ISO,Prestressed Concrete Steel Wire Strand,China,,,80 FR 61372,2015/10/13,http://www.gpo.gov/fdsys/pkg/FR-2015-10-13/pdf/2015-25978.pdf,,
2010/07/22,2015/12/21,A-1173,A-570-962,A,172,CH,Potassium Phosphate Salts,China,,,80 FR 79305,2015/10/21,https://www.gpo.gov/fdsys/pkg/FR-2015-12-21/pdf/2015-32020.pdf,,
2010/07/22,2015/12/21,C-473,C-570-963,C,172,CH,Potassium Phosphate Salts,China,,,80 FR 79305,2015/10/21,https://www.gpo.gov/fdsys/pkg/FR-2015-12-21/pdf/2015-32020.pdf,,
2010/07/23,2015/11/12,A-1161,A-570-947,A,173,ISO,Steel Grating,China,,,80 FR 69940,2015/11/12,http://www.gpo.gov/fdsys/pkg/FR-2015-11-12/pdf/2015-28755.pdf,,
2010/07/23,2015/11/12,C-465,C-570-948,C,173,ISO,Steel Grating,China,,,80 FR 69940,2015/11/12,http://www.gpo.gov/fdsys/pkg/FR-2015-11-12/pdf/2015-28755.pdf,,
2010/09/01,2016/09/22,A-1164,A-570-952,A,175,TX,Narrow Woven Ribbons With Woven Selvedge,China,,,81 FR 65341,2016/09/22,https://www.gpo.gov/fdsys/pkg/FR-2016-09-22/pdf/2016-22888.pdf,,
2010/09/01,2016/09/22,A-1165,A-583-844,A,175,TX,Narrow Woven Ribbons With Woven Selvedge,Taiwan,,,81 FR 65341,2016/09/22,https://www.gpo.gov/fdsys/pkg/FR-2016-09-22/pdf/2016-22888.pdf,,
2010/09/01,2016/09/22,C-467,C-570-953,C,175,TX,Narrow Woven Ribbons With Woven Selvedge,China,,,81 FR 65341,2016/09/22,https://www.gpo.gov/fdsys/pkg/FR-2016-09-22/pdf/2016-22888.pdf,,
2010/09/20,2016/02/12,A-1167,A-570-954,A,176,PRSGC,Magnesia Carbon Bricks,China,,,81 FR 7502,2016/02/12,https://www.gpo.gov/fdsys/pkg/FR-2016-02-12/pdf/2016-02994.pdf,,
2010/09/20,2016/02/12,A-1167,A-201-837,A,176,PRSGC,Magnesia Carbon Bricks,Mexico,,,81 FR 7502,2016/02/12,https://www.gpo.gov/fdsys/pkg/FR-2016-02-12/pdf/2016-02994.pdf,,
2010/09/21,2016/02/12,C-468,C-570-955,C,176,PRSGC,Magnesia Carbon Bricks,China,,,81 FR 7502,2016/02/12,https://www.gpo.gov/fdsys/pkg/FR-2016-02-12/pdf/2016-02994.pdf,,
2010/11/10,2016/03/16,A-1168,A-570-956,A,178,ISP,"Seamless Carbon and Alloy Steel Standard, Line, and Pressure Pipe",China,,,81 FR 14089,2016/03/16,https://www.gpo.gov/fdsys/pkg/FR-2016-03-16/pdf/2016-05941.pdf,,
2010/11/10,2016/03/16,C-469,C-570-957,C,178,ISP,"Seamless Carbon and Alloy Steel Standard, Line, and Pressure Pipe",China,,,81 FR 14089,2016/03/16,https://www.gpo.gov/fdsys/pkg/FR-2016-03-16/pdf/2016-05941.pdf,,
2010/11/17,2017/01/06,A-1169,A-570-958,A,179,AG,Coated Paper Suitable for High-Quality Print Graphics Using Sheet-Fed Presses,China,,,82 FR 1692,2017/01/06,https://www.govinfo.gov/content/pkg/FR-2017-01-06/pdf/2017-00029.pdf,,
2010/11/17,2017/01/07,A-1170,A-560-823,A,179,AG,Coated Paper Suitable for High-Quality Print Graphics Using Sheet-Fed Presses,Indonesia,,,82 FR 1692,2017/01/06,https://www.govinfo.gov/content/pkg/FR-2017-01-06/pdf/2017-00029.pdf,,
2010/11/17,2017/01/08,C-470,C-570-959,C,179,AG,Coated Paper Suitable for High-Quality Print Graphics Using Sheet-Fed Presses,China,,,82 FR 1692,2017/01/06,https://www.govinfo.gov/content/pkg/FR-2017-01-06/pdf/2017-00029.pdf,,
2010/11/17,2017/01/09,C-471,C-560-824,C,179,AG,Coated Paper Suitable for High-Quality Print Graphics Using Sheet-Fed Presses,Indonesia,,,82 FR 1692,2017/01/06,https://www.govinfo.gov/content/pkg/FR-2017-01-06/pdf/2017-00029.pdf,,
2010/11/22,2016/12/21,A-1174,A-570-964,A,180,MM,Seamless Refined Copper Pipe and Tube,China,,,81 FR 93664,2016/12/21,https://www.govinfo.gov/content/pkg/FR-2016-12-21/pdf/2016-30653.pdf,,
2010/11/22,2016/12/21,A-1175,A-201-838,A,180,MM,Seamless Refined Copper Pipe and Tube,Mexico,,,81 FR 93664,2016/12/21,https://www.govinfo.gov/content/pkg/FR-2016-12-21/pdf/2016-30653.pdf,,
05/26/2011,04/25/2017,A-1177,A-570-967,A,183,MM,Aluminum Extrusions,China,,,82 FR 19025,2017/04/25,https://www.gpo.gov/fdsys/pkg/FR-2017-04-25/pdf/2017-08352.pdf,,
05/26/2011,04/25/2017,C-475,C-570-968,C,183,MM,Aluminum Extrusions,China,,,82 FR 19025,2017/04/25,https://www.gpo.gov/fdsys/pkg/FR-2017-04-25/pdf/2017-08352.pdf,,
12/08/2011,01/03/2018,A-1179,A-570-970,A,184,AG,Multilayered Wood Flooring,China,,,83 FR 344,2018/01/03,https://www.gpo.gov/fdsys/pkg/FR-2018-01-03/pdf/2017-28202.pdf,,
12/08/2011,01/03/2018,C-476,C-570-971,C,184,AG,Multilayered Wood Flooring,China,,,83 FR 344,2018/01/03,https://www.gpo.gov/fdsys/pkg/FR-2018-01-03/pdf/2017-28202.pdf,,
05/10/2012,10/19/2017,A-1185,A-520-804,A,186,ISO,Steel Nails,United Arab Emirates,,,82 FR 48681,2017/10/19,https://www.govinfo.gov/content/pkg/FR-2017-10-19/pdf/2017-22684.pdf,,
05/10/2012,11/27/2017,A-1186,A-570-972,A,185,CH,Stilbenic Optical Brightening Agent,China,,,82 FR 55990,2017/11/27,https://www.gpo.gov/fdsys/pkg/FR-2017-11-27/pdf/2017-25537.pdf,,
05/10/2012,11/27/2017,A-1187,A-583-848,A,185,CH,Stilbenic Optical Brightening Agent,Taiwan,,,82 FR 55990,2017/11/27,https://www.gpo.gov/fdsys/pkg/FR-2017-11-27/pdf/2017-25537.pdf,,
06/21/2012,12/05/2017,A-1188,A-570-977,A,187,ISO,High Pressure Steel Cylinders,China,,,82 FR 57427,2017/12/05,https://www.gpo.gov/fdsys/pkg/FR-2017-12-05/pdf/2017-26164.pdf,,
06/21/2012,12/05/2017,C-480,C–570–978,C,187,ISO,High Pressure Steel Cylinders,China,,,82 FR 57427,2017/12/05,https://www.gpo.gov/fdsys/pkg/FR-2017-12-05/pdf/2017-26164.pdf,,
08/31/2012,10/16/2018,A-1189,A-580-867,A,188,ME,Large Power Transformers,Korea,,,83 FR 52206,2018/10/16,https://www.gpo.gov/fdsys/pkg/FR-2018-10-16/pdf/2018-22454.pdf,,
12/07/2012,03/20/2019,A-1190,A-570-979,A,189,ME,Crystalline Silicon Photovoltaic Cells,China,,,84 FR 10300,2019/03/20,https://www.govinfo.gov/content/pkg/FR-2019-03-20/pdf/2019-05273.pdf,,
12/07/2012,03/20/2019,C-481,C-570-980,C,189,ME,Crystalline Silicon Photovoltaic Cells,China,,,84 FR 10299,2019/03/20,https://www.govinfo.gov/content/pkg/FR-2019-03-20/pdf/2019-05274.pdf,,
12/10/2012,05/31/2018,A-1197,A-583-849,A,190,ISO,Steel Wire Garment Hangers,Taiwan,,,83 FR 24972,2018/05/31,https://www.gpo.gov/fdsys/pkg/FR-2018-05-31/pdf/2018-11541.pdf,,
02/05/2013,05/31/2018,A-1198,A-552-812,A,191,ISO,Steel Wire Garment Hangers,Vietnam,,,83 FR 24972,2018/05/31,https://www.gpo.gov/fdsys/pkg/FR-2018-05-31/pdf/2018-11541.pdf,,
02/05/2013,08/20/2018,C-487,A-552-813,C,191,ISO,Steel Wire Garment Hangers,Vietnam,,,83 FR 42111,2018/08/20,https://www.gpo.gov/fdsys/pkg/FR-2018-08-20/pdf/2018-17908.pdf,,
02/15/2013,05/17/2019,A-1195,A-570-981,A,192,ISO,Utility Scale Wind Towers,China,,,84 FR 22442,2019/05/17,https://www.govinfo.gov/content/pkg/FR-2019-05-17/pdf/2019-10270.pdf,,
02/15/2013,05/17/2019,A-1196,A-552-814,A,192,ISO,Utility Scale Wind Towers,Vietnam,,,84 FR 22442,2019/05/17,https://www.govinfo.gov/content/pkg/FR-2019-05-17/pdf/2019-10270.pdf,,
02/15/2013,05/06/2019,A-1200,A-580-868,A,193,ME,Large Residential Washers,Mexico,,,84 FR 19763,2019/05/06,https://www.govinfo.gov/content/pkg/FR-2019-05-06/pdf/2019-09213.pdf,,
02/15/2013,05/17/2019,C-486,C-570-982,C,192,ISO,Utility Scale Wind Towers,China,,,84 FR 22442,2019/05/17,https://www.govinfo.gov/content/pkg/FR-2019-05-17/pdf/2019-10270.pdf,,
2013/04/11,28-Aug,A-1201,C-570-983,A,194,ISO,Drawn Stainless Steel Sinks,China,,,83 FR 43847,2018/08/28,https://www.gpo.gov/fdsys/pkg/FR-2018-08-28/pdf/2018-18612.pdf,,
2013/04/11,28-Aug,C-489,C-570-984,C,194,ISO,Drawn Stainless Steel Sinks,China,,,83 FR 43847,2018/08/28,https://www.gpo.gov/fdsys/pkg/FR-2018-08-28/pdf/2018-18612.pdf,,
07/19/2013,11/30/2018,A-1203,A-570-985,A,197,CH,Xanthan Gum,China,,,83 FR 61602,2018/11/30,https://www.gpo.gov/fdsys/pkg/FR-2018-11-30/pdf/2018-26170.pdf,,
05/29/2014,,A-1206,A-588-869,A,195,ISM,"Diffusion-Annealed, Nickel-Plated Flat-
Rolled Steel Products",Japan,,,84 FR 54114,2019/10/02,https://www.govinfo.gov/content/pkg/FR-2019-10-09/pdf/2019-22055.pdf,,
07/21/2014,,A-1210,A-557-815,A,198,ISP,Welded Stainless Pressure Pipe,Malaysia,,,79 FR 42289,2019/11/25,https://www.govinfo.gov/content/pkg/FR-2019-12-03/pdf/2019-26038.pdf,,
07/21/2014,,A-1211,A-549-830,A,198,ISP,Welded Stainless Pressure Pipe,Thailand,,,79 FR 42289,2019/11/25,https://www.govinfo.gov/content/pkg/FR-2019-12-03/pdf/2019-26038.pdf,,
07/21/2014,,A-1212,A-552-816,A,198,ISP,Welded Stainless Pressure Pipe,Vietnam,,,79 FR 42289,2019/11/25,https://www.govinfo.gov/content/pkg/FR-2019-12-03/pdf/2019-26038.pdf,,
09/10/2014,,A-1215,A-533-857,A,199,ISP,Oil Country Tubular Goods,India,,,85 FR 48665,2020/08/12,https://www.govinfo.gov/content/pkg/FR-2020-08-12/pdf/2020-17632.pdf,,
09/10/2014,,A-1216,A-580-870,A,199,ISP,Oil Country Tubular Goods,Korea,,,85 FR 48665,2020/08/12,https://www.govinfo.gov/content/pkg/FR-2020-08-12/pdf/2020-17632.pdf,,
09/10/2014,,A-1221,A-489-816,A,199,ISP,Oil Country Tubular Goods,Turkey,,,85 FR 48665,2020/08/12,https://www.govinfo.gov/content/pkg/FR-2020-08-12/pdf/2020-17632.pdf,,
09/10/2014,,A-1223,A-553-817,A,199,ISP,Oil Country Tubular Goods,Vietnam,,,85 FR 48665,2020/08/12,https://www.govinfo.gov/content/pkg/FR-2020-08-12/pdf/2020-17632.pdf,,
09/10/2014,,C-499,C-533-858,C,199,ISP,Oil Country Tubular Goods,India,,,85 FR 48665,2020/08/12,https://www.govinfo.gov/content/pkg/FR-2020-08-12/pdf/2020-17632.pdf,,
09/10/2014,,C-500,C-489-817,C,199,ISP,Oil Country Tubular Goods,Turkey,,,85 FR 48665,2020/08/12,https://www.govinfo.gov/content/pkg/FR-2020-08-12/pdf/2020-17632.pdf,,
2014/07/10,,A-1222,                               A-823-815,A,199,ISP,Oil Country Tubular Goods,Ukraine,,,85 FR 48665,2020/08/12,https://www.govinfo.gov/content/pkg/FR-2020-08-12/pdf/2020-17632.pdf,,
11/06/2014,,A-1227,A-201-844,A,200,ISM,Steel Concrete Reinforcing Bar,Mexico,,,79 FR 65925,2014/11/06,http://www.gpo.gov/fdsys/pkg/FR-2014-11-06/pdf/2014-26411.pdf,,
11/06/2014,,C-502,C-489-819,C,200,ISM,Steel Concrete Reinforcing Bar,Turkey,,,79 FR 68926,2014/11/06,http://www.gpo.gov/fdsys/pkg/FR-2014-11-06/pdf/2014-26414.pdf,,
11/13/2014,,C-501,C-570-991,C,201,CH,Chlorinated Isocyanurates,China,,,85 FR 27207,2020/05/07,https://www.govinfo.gov/content/pkg/FR-2020-05-07/pdf/2020-09762.pdf,,
11/26/2014,,A-1229,A-570-992,A,202,CH,Monosodium Glutamate,China,,,79 FR 70505,2014/11/26,http://www.gpo.gov/fdsys/pkg/FR-2014-11-26/pdf/2014-28053.pdf,,
11/26/2014,,A-1230,A-560-826,A,202,CH,Monosodium Glutamate,Indonesia,,,79 FR 70505,2014/11/26,http://www.gpo.gov/fdsys/pkg/FR-2014-11-26/pdf/2014-28053.pdf,,
12/03/2014,,A-1238,A-570-996,A,202,ISM,Non-Oriented Electrical Steel,China,,,79 FR 71741,2014/12/03,http://www.gpo.gov/fdsys/pkg/FR-2014-12-03/pdf/2014-28405.pdf,,
12/03/2014,,A-1239,A-428-843,A,202,ISM,Non-Oriented Electrical Steel,Germany,,,79 FR 71741,2014/12/03,http://www.gpo.gov/fdsys/pkg/FR-2014-12-03/pdf/2014-28405.pdf,,
12/03/2014,,A-1240,A-588-872,A,202,ISM,Non-Oriented Electrical Steel,Japan,,,79 FR 71741,2014/12/03,http://www.gpo.gov/fdsys/pkg/FR-2014-12-03/pdf/2014-28405.pdf,,
12/03/2014,,A-1241,A-580-872,A,202,ISM,Non-Oriented Electrical Steel,Korea,,,79 FR 71741,2014/12/03,http://www.gpo.gov/fdsys/pkg/FR-2014-12-03/pdf/2014-28405.pdf,,
12/03/2014,,A-1242,A-401-809,A,202,ISM,Non-Oriented Electrical Steel,Sweden,,,79 FR 71741,2014/12/03,http://www.gpo.gov/fdsys/pkg/FR-2014-12-03/pdf/2014-28405.pdf,,
12/03/2014,,A-1243,A-583-851,A,202,ISM,Non-Oriented Electrical Steel,Taiwan,,,79 FR 71741,2014/12/03,http://www.gpo.gov/fdsys/pkg/FR-2014-12-03/pdf/2014-28405.pdf,,
12/03/2014,,C-506,C-507-997,C,202,ISM,Non-Oriented Electrical Steel,China,,,79 FR 71749,2014/12/03,http://www.gpo.gov/fdsys/pkg/FR-2014-12-03/pdf/2014-28507.pdf,,
12/03/2014,,C-508,C-583-852,C,202,ISM,Non-Oriented Electrical Steel,Taiwan,,,79 FR 71749,2014/12/03,http://www.gpo.gov/fdsys/pkg/FR-2014-12-03/pdf/2014-28507.pdf,,
2015/01/08,,A-1248,A-570-012,A,203,ISM,Carbon and Certain Alloy Steel Wire,China,,,80 FR 1015,2015/01/08,http://www.gpo.gov/fdsys/pkg/FR-2015-01-08/pdf/2015-00096.pdf,,
2015/01/08,,C-512,C-570-013,C,203,ISM,Carbon and Certain Alloy Steel Wire,China,,,80 FR 1018,2015/01/08,http://www.gpo.gov/fdsys/pkg/FR-2015-01-08/pdf/2015-00095.pdf,,
01/30/2015,,A-1245,A-570-008,A,204,CH,Calcium Hypochlorite,China,,,85 FR 39522,2020/07/01,https://www.govinfo.gov/content/pkg/FR-2020-07-01/pdf/2020-14194.pdf,,
01/30/2015,,C-510,C-570-009,C,204,CH,Calcium Hypochlorite,China,,,85 FR 39522,2020/07/01,https://www.govinfo.gov/content/pkg/FR-2020-07-01/pdf/2020-14194.pdf,,
02/18/2015,,A-1246,A-570-010,A,205,ME,"Crystalline Silicon Photovoltaic
Products",China,,,80 FR 8592,2015/02/18,http://www.gpo.gov/fdsys/pkg/FR-2015-02-18/pdf/2015-03183.pdf,,
02/18/2015,,A-1247,A-583-853,A,205,ME,"Crystalline Silicon Photovoltaic
Products",Taiwan,,,80 FR 8596,2015/02/18,http://www.gpo.gov/fdsys/pkg/FR-2015-02-18/pdf/2015-03179.pdf,,
02/18/2015,,C-511,C-570-011,C,205,ME,"Crystalline Silicon Photovoltaic
Products",China,,,80 FR 8592,2015/02/18,http://www.gpo.gov/fdsys/pkg/FR-2015-02-18/pdf/2015-03183.pdf,,
07/13/2015,,A-1252,A-580-874,A,206,ISO,Steel Nails,Korea,,,80 FR 39994,2015/07/13,http://www.gpo.gov/fdsys/pkg/FR-2015-07-13/pdf/2015-17239.pdf,,
07/13/2015,,A-1253,A-557-816,A,206,ISO,Steel Nails,Malaysia,,,80 FR 39994,2015/07/13,http://www.gpo.gov/fdsys/pkg/FR-2015-07-13/pdf/2015-17239.pdf,,
07/13/2015,,A-1254,A-523-808,A,206,ISO,Steel Nails,Oman,,,80 FR 39994,2015/07/13,http://www.gpo.gov/fdsys/pkg/FR-2015-07-13/pdf/2015-17239.pdf,,
07/13/2015,,A-1255,A-583-854,A,206,ISO,Steel Nails,Taiwan,,,80 FR 39994,2015/07/13,http://www.gpo.gov/fdsys/pkg/FR-2015-07-13/pdf/2015-17239.pdf,,
07/13/2015,,A-1257,A-552-818,A,206,ISO,Steel Nails,Vietnam,,,80 FR 39994,2015/07/13,http://www.gpo.gov/fdsys/pkg/FR-2015-07-13/pdf/2015-17239.pdf,,
07/14/2015,,C-519,C-552-819,C,206,ISO,Steel Nails,Vietnam,,,80 FR 41006,2015/07/14,http://www.gpo.gov/fdsys/pkg/FR-2015-07-14/pdf/2015-17363.pdf,,
08/10/2015,,A-1258,A-570-016,A,207,PRSG,Passenger Vehicle and Light Truck Tires,China,,,80 FR 47902,2015/08/10,https://www.gpo.gov/fdsys/pkg/FR-2015-08-10/pdf/2015-19615.pdf,,
08/10/2015,,C-522,C-570-017,C,207,PRSG,Passenger Vehicle and Light Truck Tires,China,,,80 FR 47902,2015/08/10,https://www.gpo.gov/fdsys/pkg/FR-2015-08-10/pdf/2015-19615.pdf,,
09/23/2015,,A-1249,A-201-845,A,,AG,Sugar (Suspended),Mexico,,,79 FR 78039,2014/12/29,https://www.gpo.gov/fdsys/pkg/FR-2014-12-29/pdf/2014-30396.pdf,,
09/23/2015,,C-513,C-201-846,C,,AG,Sugar (Suspended),Mexico,,,79 FR 78044,2014/12/29,https://www.gpo.gov/fdsys/pkg/FR-2014-12-29/pdf/2014-30392.pdf,,
10/21/2015,,A-1259,A-570-018,A,208,MSC,Boltless Steel Shelving Units Prepackaged for Sale,China,,,80 FR 63741,2015/10/21,http://www.gpo.gov/fdsys/pkg/FR-2015-10-21/pdf/2015-26765.pdf,,
10/21/2015,,C-523,C-570-019,C,208,MSC,Boltless Steel Shelving Units Prepackaged for Sale,China,,,80 FR 63745,2015/10/21,http://www.gpo.gov/fdsys/pkg/FR-2015-10-21/pdf/2015-26764.pdf,,
12/01/2015,,A-1260,A-580-876,A,209,ISP,Welded Line Pipe,Korea,,,80 FR 75056,2015/12/01,http://www.gpo.gov/fdsys/pkg/FR-2015-12-01/pdf/2015-30506.pdf,,
12/01/2015,,A-1261,A-489-822,A,209,ISP,Welded Line Pipe,Turkey,,,80 FR 75056,2015/12/01,http://www.gpo.gov/fdsys/pkg/FR-2015-12-01/pdf/2015-30506.pdf,,
12/01/2015,,C-525,C-489-823,C,209,ISP,Welded Line Pipe,Turkey,,,80 FR 75054,2015/12/01,http://www.gpo.gov/fdsys/pkg/FR-2015-12-01/pdf/2015-30503.pdf,,
12/28/2015,,A-1262,A-570-020,A,210,CH,Melamine,China,,,80 FR 80751,2015/12/28,https://www.gpo.gov/fdsys/pkg/FR-2015-12-28/pdf/2015-32632.pdf,,
12/28/2015,,C-526,C-570-021,C,210,CH,Melamine,China,,,80 FR 80751,2015/12/28,https://www.gpo.gov/fdsys/pkg/FR-2015-12-28/pdf/2015-32632.pdf,,
03/05/2016,,A-1264,A-602-807,A,212,AG,Uncoated Paper,Australia,,,81 FR 11174,2016/03/03,https://www.gpo.gov/fdsys/pkg/FR-2016-03-03/pdf/2016-04699.pdf,,
03/05/2016,,A-1265,A-351-842,A,212,AG,Uncoated Paper,Brazil,,,81 FR 11174,2016/03/03,https://www.gpo.gov/fdsys/pkg/FR-2016-03-03/pdf/2016-04699.pdf,,
03/05/2016,,A-1266,A-570-022,A,212,AG,Uncoated Paper,China,,,81 FR 11174,2016/03/03,https://www.gpo.gov/fdsys/pkg/FR-2016-03-03/pdf/2016-04699.pdf,,
03/05/2016,,A-1267,A-560-828,A,212,AG,Uncoated Paper,Indonesia,,,81 FR 11174,2016/03/03,https://www.gpo.gov/fdsys/pkg/FR-2016-03-03/pdf/2016-04699.pdf,,
03/05/2016,,A-1268,A-471-807,A,212,AG,Uncoated Paper,Portugal,,,81 FR 11174,2016/03/03,https://www.gpo.gov/fdsys/pkg/FR-2016-03-03/pdf/2016-04699.pdf,,
03/05/2016,,C-528,C-570-023,C,212,AG,Uncoated Paper,China,,,81 FR 11187,2016/03/03,https://www.gpo.gov/fdsys/pkg/FR-2016-03-03/pdf/2016-04717.pdf,,
03/05/2016,,C-529,C-560-829,C,212,AG,Uncoated Paper,Indonesia,,,81 FR 11187,2016/03/03,https://www.gpo.gov/fdsys/pkg/FR-2016-03-03/pdf/2016-04717.pdf,,
05/06/2016,,A-1270,A122-855,C,213,PRSG,Polyethylene Terephthalate Resin,Canada,,,81 FR 27979,2016/05/06,https://www.gpo.gov/fdsys/pkg/FR-2016-05-06/pdf/2016-10762.pdf,,
05/06/2016,,A-1271,A-533-861,C,213,PRSG,Polyethylene Terephthalate Resin,China,,,81 FR 27979,2016/05/06,https://www.gpo.gov/fdsys/pkg/FR-2016-05-06/pdf/2016-10762.pdf,,
05/06/2016,,A-1272,A-523-810,C,213,PRSG,Polyethylene Terephthalate Resin,India,,,81 FR 27979,2016/05/06,https://www.gpo.gov/fdsys/pkg/FR-2016-05-06/pdf/2016-10762.pdf,,
05/06/2016,,A-1273,A-570-024,C,213,PRSG,Polyethylene Terephthalate Resin,Oman,,,81 FR 27979,2016/05/06,https://www.gpo.gov/fdsys/pkg/FR-2016-05-06/pdf/2016-10762.pdf,,
05/06/2016,,C-531,C-570-025,C,213,PRSG,Polyethylene Terephthalate Resin,China,,,81 FR 27978,2016/05/06,https://www.gpo.gov/fdsys/pkg/FR-2016-05-06/pdf/2016-10761.pdf,,
05/06/2016,,C-532,C-533-862,C,213,PRSG,Polyethylene Terephthalate Resin,India,,,81 FR 27978,2016/05/06,https://www.gpo.gov/fdsys/pkg/FR-2016-05-06/pdf/2016-10761.pdf,,
07/14/2016,,A-1284,A-570-029,A,214,ISM,Cold-Rolled Steel Flat Products,China,,,81 FR 45956,2016/07/14,https://www.gpo.gov/fdsys/pkg/FR-2016-07-14/pdf/2016-16798.pdf,,
07/14/2016,,A-1286,A-588-873,A,214,ISM,Cold-Rolled Steel Flat Products,Japan,,,81 FR 45956,2016/07/14,https://www.gpo.gov/fdsys/pkg/FR-2016-07-14/pdf/2016-16798.pdf,,
07/14/2016,,C-541,C-570-030,C,214,ISM,Cold-Rolled Steel Flat Products,China,,,81 FR 45960,2016/07/14,https://www.gpo.gov/fdsys/pkg/FR-2016-07-14/pdf/2016-16794.pdf,,
07/25/2016,,A-1274,A-570-026,A,215,ISM,Corrosion-Resistant Steel Products,China,,,81 FR 48390,2016/07/25,https://www.gpo.gov/fdsys/pkg/FR-2016-07-25/pdf/2016-17557.pdf,,
07/25/2016,,A-1275,A-533-863,A,215,ISM,Corrosion-Resistant Steel Products,India,,,81 FR 48390,2016/07/25,https://www.gpo.gov/fdsys/pkg/FR-2016-07-25/pdf/2016-17557.pdf,,
07/25/2016,,A-1276,A-475-832,A,215,ISM,Corrosion-Resistant Steel Products,Italy,,,81 FR 48390,2016/07/25,https://www.gpo.gov/fdsys/pkg/FR-2016-07-25/pdf/2016-17557.pdf,,
07/25/2016,,A-1277,A-580-878,A,215,ISM,Corrosion-Resistant Steel Products,Korea,,,81 FR 48390,2016/07/25,https://www.gpo.gov/fdsys/pkg/FR-2016-07-25/pdf/2016-17557.pdf,,
07/25/2016,,A-1278,A-583-856,A,215,ISM,Corrosion-Resistant Steel Products,Taiwan,,,81 FR 48390,2016/07/25,https://www.gpo.gov/fdsys/pkg/FR-2016-07-25/pdf/2016-17557.pdf,,
07/25/2016,,C-534,C-580-879,C,215,ISM,Corrosion-Resistant Steel Products,China,,,81 FR 48387,2016/07/25,https://www.gpo.gov/fdsys/pkg/FR-2016-07-25/pdf/2016-17563.pdf,,
07/25/2016,,C-535,C-475-833,C,215,ISM,Corrosion-Resistant Steel Products,India,,,81 FR 48387,2016/07/25,https://www.gpo.gov/fdsys/pkg/FR-2016-07-25/pdf/2016-17563.pdf,,
07/25/2016,,C-536,C-570-027,C,215,ISM,Corrosion-Resistant Steel Products,Italy,,,81 FR 48387,2016/07/25,https://www.gpo.gov/fdsys/pkg/FR-2016-07-25/pdf/2016-17563.pdf,,
07/25/2016,,C-537,C-533-864,C,215,ISM,Corrosion-Resistant Steel Products,Korea,,,81 FR 48387,2016/07/25,https://www.gpo.gov/fdsys/pkg/FR-2016-07-25/pdf/2016-17563.pdf,,
08/19/2016,,A-1279,A-570-028,A,216,CH,Hydrofluorocarbon Blends,China,,,81 FR 55436,2016/08/19,https://www.gpo.gov/fdsys/pkg/FR-2016-08-19/pdf/2016-19873.pdf,,
09/13/2016,,A-1280,A-580-880,A,217,ISP,Heavy Walled Rectangular Welded Carbon Steel Pipes and Tubes,Korea,,,81 FR 62865,2016/09/13,https://www.gpo.gov/fdsys/pkg/FR-2016-09-13/pdf/2016-22003.pdf,,
09/13/2016,,A-1281,A-201-847,A,217,ISP,Heavy Walled Rectangular Welded Carbon Steel Pipes and Tubes,Mexico,,,81 FR 62865,2016/09/13,https://www.gpo.gov/fdsys/pkg/FR-2016-09-13/pdf/2016-22003.pdf,,
09/13/2016,,A-1282,A-489-824,A,217,ISP,Heavy Walled Rectangular Welded Carbon Steel Pipes and Tubes,Turkey,,,81 FR 62865,2016/09/13,https://www.gpo.gov/fdsys/pkg/FR-2016-09-13/pdf/2016-22003.pdf,,
09/13/2016,,C-539,C-489-825,C,217,ISP,Heavy Walled Rectangular Welded Carbon Steel Pipes and Tubes,Turkey,,,81 FR 62874,2016/09/13,https://www.gpo.gov/fdsys/pkg/FR-2016-09-13/pdf/2016-22000.pdf,,
09/20/2016,,A-1283,A-351-843,A,218,ISM,Cold-Rolled Steel Flat Products,Brazil,,,81 FR 64432,2016/09/20,https://www.gpo.gov/fdsys/pkg/FR-2016-09-20/pdf/2016-22613.pdf,,
09/20/2016,,A-1285,A-533-865,A,218,ISM,Cold-Rolled Steel Flat Products,India,,,81 FR 64432,2016/09/20,https://www.gpo.gov/fdsys/pkg/FR-2016-09-20/pdf/2016-22613.pdf,,
09/20/2016,,A-1287,A-580-881,A,218,ISM,Cold-Rolled Steel Flat Products,Korea,,,81 FR 64432,2016/09/20,https://www.gpo.gov/fdsys/pkg/FR-2016-09-20/pdf/2016-22613.pdf,,
09/20/2016,,A-1290,A-412-824,A,218,ISM,Cold-Rolled Steel Flat Products,U.K.,,,81 FR 64432,2016/09/20,https://www.gpo.gov/fdsys/pkg/FR-2016-09-20/pdf/2016-22613.pdf,,
09/20/2016,,C-540,C-351-844,C,218,ISM,Cold-Rolled Steel Flat Products,Brazil,,,81 FR 64436,2016/09/20,https://www.gpo.gov/fdsys/pkg/FR-2016-09-20/pdf/2016-22614.pdf,,
09/20/2016,,C-542,C-533-866,C,218,ISM,Cold-Rolled Steel Flat Products,India,,,81 FR 64436,2016/09/20,https://www.gpo.gov/fdsys/pkg/FR-2016-09-20/pdf/2016-22614.pdf,,
09/20/2016,,C-543,C-580-882,C,218,ISM,Cold-Rolled Steel Flat Products,Korea,,,81 FR 64436,2016/09/20,https://www.gpo.gov/fdsys/pkg/FR-2016-09-20/pdf/2016-22614.pdf,,
10/03/2016,,A-1291,A-602-809,A,219,ISM,Hot-rolled carbon steel flat products,Australia,,,81 FR 67962,2016/10/03,https://www.gpo.gov/fdsys/pkg/FR-2016-10-03/pdf/2016-23836.pdf,,
10/03/2016,,A-1292,A-351-845,A,219,ISM,Hot-rolled carbon steel flat products,Brazil,,,81 FR 67962,2016/10/03,https://www.gpo.gov/fdsys/pkg/FR-2016-10-03/pdf/2016-23836.pdf,,
10/03/2016,,A-1293,A-588-874,A,219,ISM,Hot-rolled carbon steel flat products,Japan,,,81 FR 67962,2016/10/03,https://www.gpo.gov/fdsys/pkg/FR-2016-10-03/pdf/2016-23836.pdf,,
10/03/2016,,A-1294,A-580-883,A,219,ISM,Hot-rolled carbon steel flat products,Korea,,,81 FR 67962,2016/10/03,https://www.gpo.gov/fdsys/pkg/FR-2016-10-03/pdf/2016-23836.pdf,,
10/03/2016,,A-1295,A-421-813,A,219,ISM,Hot-rolled carbon steel flat products,Netherlands,,,81 FR 67962,2016/10/03,https://www.gpo.gov/fdsys/pkg/FR-2016-10-03/pdf/2016-23836.pdf,,
10/03/2016,,A-1296,A-489-826,A,219,ISM,Hot-rolled carbon steel flat products,Turkey,,,81 FR 67962,2016/10/03,https://www.gpo.gov/fdsys/pkg/FR-2016-10-03/pdf/2016-23836.pdf,,
10/03/2016,,A-1297,A-412-825,A,219,ISM,Hot-rolled carbon steel flat products,U.K.,,,81 FR 67962,2016/10/03,https://www.gpo.gov/fdsys/pkg/FR-2016-10-03/pdf/2016-23836.pdf,,
10/03/2016,,C-545,C-351-846,C,219,ISM,Hot-rolled carbon steel flat products,Brazil,,,81 FR 67960,2016/10/03,https://www.gpo.gov/fdsys/pkg/FR-2016-10-03/pdf/2016-23835.pdf,,
10/03/2016,,C-546,C-580-884,C,219,ISM,Hot-rolled carbon steel flat products,Korea,,,81 FR 67960,2016/10/03,https://www.gpo.gov/fdsys/pkg/FR-2016-10-03/pdf/2016-23835.pdf,,
11/17/2016,,A-1298,A-533-867,A,220,ISP,Welded Stainless Pressure Pipe,India,,,81 FR 81602,2016/11/17,https://www.gpo.gov/fdsys/pkg/FR-2016-11-17/pdf/2016-27846.pdf,,
11/17/2016,,C-548,C-533-868,C,220,ISP,Welded Stainless Pressure Pipe,India,,,81 FR 81602,2016/11/17,https://www.gpo.gov/fdsys/pkg/FR-2016-11-17/pdf/2016-27846.pdf,,
12/19/2016,,A-1299,A-523-812,A,221,ISP,Circular Welded Carbon-Quality Steel Pipe,Oman,,,81 FR 91906,2016/12/19,https://www.govinfo.gov/content/pkg/FR-2016-12-19/pdf/2016-30535.pdf,,
12/19/2016,,A-1300,A-535-903,A,221,ISP,Circular Welded Carbon-Quality Steel Pipe,Pakistan,,,81 FR 91906,2016/12/19,https://www.govinfo.gov/content/pkg/FR-2016-12-19/pdf/2016-30535.pdf,,
12/19/2016,,A-1302,A-520-807,A,221,ISP,Circular Welded Carbon-Quality Steel Pipe,United Arab Emirates,,,81 FR 91906,2016/12/19,https://www.govinfo.gov/content/pkg/FR-2016-12-19/pdf/2016-30535.pdf,,
01/26/2017,,A-1319,A-351-847,A,222,ISM,Carbon and Alloy Steel Cut-to-Length Plate,Brazil,,,82 FR 8911,2017/02/01,https://www.gpo.gov/fdsys/pkg/FR-2017-02-01/pdf/2017-02204.pdf,,
01/26/2017,,A-1326,A-791-822,A,222,ISM,Carbon and Alloy Steel Cut-to-Length Plate,South Africa,,,82 FR 8911,2017/02/01,https://www.gpo.gov/fdsys/pkg/FR-2017-02-01/pdf/2017-02204.pdf,,
01/26/2017,,A-1328,A-489-828,A,222,ISM,Carbon and Alloy Steel Cut-to-Length Plate,Turkey,,,82 FR 8911,2017/02/01,https://www.gpo.gov/fdsys/pkg/FR-2017-02-01/pdf/2017-02204.pdf,,
02/06/2017,,A-1306,A-570-033,A,223,ME,Large Residential Washers,China,,,82 FR 9371,2017/02/06,https://www.gpo.gov/fdsys/pkg/FR-2017-02-06/pdf/2017-02469.pdf,,
03/03/2017,,A-1309,A-570-036,A,224,CH,Biaxial Integral Geogrid Products,China,,,82 FR 12440,2017/03/03,https://www.gpo.gov/fdsys/pkg/FR-2017-03-03/pdf/2017-04131.pdf,,
03/03/2017,,C-554,C-570-037,C,224,CH,Biaxial Integral Geogrid Products,China,,,82 FR 12437,2017/03/03,https://www.gpo.gov/fdsys/pkg/FR-2017-03-03/pdf/2017-04132.pdf,,
03/06/2017,,A-1308,A-533-869,A,225,PSRG,New Pneumatic Off-the-Road Tires,India,,,82 FR 12553,2017/03/06,https://www.govinfo.gov/content/pkg/FR-2017-03-06/pdf/2017-04432.pdf,,
03/06/2017,,C-552,C-533-870,C,225,PSRG,New Pneumatic Off-the-Road Tires,India,,,82 FR 12556,2017/03/06,https://www.gpo.gov/fdsys/pkg/FR-2017-03-06/pdf/2017-04433.pdf,,
03/09/2017,,A-1329,A-570-049,A,226,CH,Ammonium Sulfate,China,,,82 FR 13094,2017/03/09,https://www.gpo.gov/fdsys/pkg/FR-2017-03-09/pdf/2017-04753.pdf,,
03/09/2017,,C-562,C-570-050,C,226,CH,Ammonium Sulfate,China,,,82 FR 13094,2017/03/09,https://www.govinfo.gov/content/pkg/FR-2017-03-09/pdf/2017-04753.pdf,,
03/17/2017,,A-1310,A-570-038,A,227,PRSGC,Amorphous Silica Fabric,China,,,82 FR 14314,2017/03/17,https://www.gpo.gov/fdsys/pkg/FR-2017-03-17/pdf/2017-05431.pdf,,
03/17/2017,,C-555,C-570-039,C,227,PRSGC,Amorphous Silica Fabric,China,,,82 FR 14316,2017/03/17,https://www.gpo.gov/fdsys/pkg/FR-2017-03-17/pdf/2017-05432.pdf,,
03/20/2017,,A-1320,A-570-047,A,222,ISM,Carbon and Alloy Steel Cut-to-Length Plate,China,,,82 FR 14349,2017/03/20,https://www.gpo.gov/fdsys/pkg/FR-2017-03-20/pdf/2017-05440.pdf,,
03/20/2017,,C-560,C-570-048,C,222,ISM,Carbon and Alloy Steel Cut-to-Length Plate,China,,,82 FR 14346,2017/03/20,https://www.gpo.gov/fdsys/pkg/FR-2017-03-20/pdf/2017-05441.pdf,,
04/03/2017,,A-1312,A-570-042,A,228,ISM,Stainless Steel Sheet and Strip,China,,,82 FR 16160,2017/04/03,https://www.gpo.gov/fdsys/pkg/FR-2017-04-03/pdf/2017-06488.pdf,,
04/03/2017,,C-557,C-570-043,C,228,ISM,Stainless Steel Sheet and Strip,China,,,82 FR 16166,2017/04/03,https://www.gpo.gov/fdsys/pkg/FR-2017-04-03/pdf/2017-06489.pdf,,
04/19/2017,,A-1313,A-570-044,A,229,CH,"1,1,1,2 Tetrafluoroethane (R-134a)",China,,,82 FR 18422,2017/04/19,https://www.gpo.gov/fdsys/pkg/FR-2017-04-19/pdf/2017-07913.pdf,,
04/24/2017,,A-1314,A-580-885,A,230,MM,Phosphor Copper,Korea,,,82 FR 18893,2017/04/24,https://www.gpo.gov/fdsys/pkg/FR-2017-04-24/pdf/2017-08358.pdf,,
05/15/2017,,A-1315,A-580-886,A,231,MM,Ferrovanadium,Korea,,,82 FR 22309,2017/05/15,https://www.gpo.gov/fdsys/pkg/FR-2017-05-15/pdf/2017-09745.pdf,,
05/18/2017,,A-1316,A-570-045,A,232,CH,"1-Hydroxyethylidene-1, 1-Diphosphonic Acid (HEDP)",China,,,82 FR 22807,2017/05/18,https://www.gpo.gov/fdsys/pkg/FR-2017-05-18/pdf/2017-10078.pdf,,
05/18/2017,,C-558,C-570-046,C,232,CH,"1-Hydroxyethylidene-1, 1-Diphosphonic Acid (HEDP)",China,,,82 FR 22809,2017/05/18,https://www.gpo.gov/fdsys/pkg/FR-2017-05-18/pdf/2017-10079.pdf,,
05/25/2017,,A-1317,A-433-812,A,222,ISM,Carbon and Alloy Steel Cut-to-Length Plate ,Austria,,,82 FR 24096,2017/05/25,https://www.gpo.gov/fdsys/pkg/FR-2017-05-25/pdf/2017-10757.pdf,,
05/25/2017,,A-1318,A-423-812,A,222,ISM,Carbon and Alloy Steel Cut-to-Length Plate ,Belguim,,,82 FR 24096,2017/05/25,https://www.gpo.gov/fdsys/pkg/FR-2017-05-25/pdf/2017-10757.pdf,,
05/25/2017,,A-1321,A-427-828,A,222,ISM,Carbon and Alloy Steel Cut-to-Length Plate ,France,,,82 FR 24096,2017/05/25,https://www.gpo.gov/fdsys/pkg/FR-2017-05-25/pdf/2017-10757.pdf,,
05/25/2017,,A-1322,A-428-844,A,222,ISM,Carbon and Alloy Steel Cut-to-Length Plate ,Germany,,,82 FR 24096,2017/05/25,https://www.gpo.gov/fdsys/pkg/FR-2017-05-25/pdf/2017-10757.pdf,,
05/25/2017,,A-1323,A-475-834,A,222,ISM,Carbon and Alloy Steel Cut-to-Length Plate ,Italy,,,82 FR 24096,2017/05/25,https://www.gpo.gov/fdsys/pkg/FR-2017-05-25/pdf/2017-10757.pdf,,
05/25/2017,,A-1324,A-588-875,A,222,ISM,Carbon and Alloy Steel Cut-to-Length Plate ,Japan,,,82 FR 24096,2017/05/25,https://www.gpo.gov/fdsys/pkg/FR-2017-05-25/pdf/2017-10757.pdf,,
05/25/2017,,A-1325,A-580-887,A,222,ISM,Carbon and Alloy Steel Cut-to-Length Plate ,Korea,,,82 FR 24096,2017/05/25,https://www.gpo.gov/fdsys/pkg/FR-2017-05-25/pdf/2017-10757.pdf,,
05/25/2017,,A-1327,A-583-858,A,222,ISM,Carbon and Alloy Steel Cut-to-Length Plate ,Taiwan,,,82 FR 24096,2017/05/25,https://www.gpo.gov/fdsys/pkg/FR-2017-05-25/pdf/2017-10757.pdf,,
05/25/2017,,C-561,C-580-888,C,222,ISM,Carbon and Alloy Steel Cut-to-Length Plate ,Korea,,,82 FR 24103,2017/05/25,https://www.gpo.gov/fdsys/pkg/FR-2017-05-25/pdf/2017-10756.pdf,,
06/14/2017,,A-1333,A-469-815,A,233,ISO,Finished Carbon Steel Flanges,Spain,,,82 FR 27229,2017/06/14,https://www.gpo.gov/fdsys/pkg/FR-2017-06-14/pdf/2017-12404.pdf,,
07/14/2017,,A-1340,A-489-829,A,234,ISM,Steel Concrete Reinforcing Bar,Turkey,,,82 FR 32532,2017/07/14,https://www.gpo.gov/fdsys/pkg/FR-2017-07-14/pdf/2017-14802.pdf,,
07/14/2017,,A-1388,A-489-829,A,234,ISM,Steel Concrete Reinforcing Bar,Japan,,,82 FR 32532,2017/07/14,https://www.gpo.gov/fdsys/pkg/FR-2017-07-14/pdf/2017-14802.pdf,,
07/14/2017,,C-564,C-489-830,C,234,ISM,Steel Concrete Reinforcing Bar,Turkey,,,82 FR 32531,2017/07/14,https://www.gpo.gov/fdsys/pkg/FR-2017-07-14/pdf/2017-14803.pdf,,
08/18/2017,,A-1330,A-580-889,A,235,CH,Dioctyl Terephthalate (DOTP),Korea,,,82 FR 39409,2017/08/18,https://www.gpo.gov/fdsys/pkg/FR-2017-08-18/pdf/2017-17627.pdf,,
08/24/2017,,A-1331,A-533-871,A,236,ISO,Finished Carbon Steel Flanges,India,,,82 FR 40136,2017/08/24,https://www.gpo.gov/fdsys/pkg/FR-2017-08-24/pdf/2017-18056.pdf,,
08/24/2017,,A-1332,A-475-835,A,236,ISO,Finished Carbon Steel Flanges,Italy,,,82 FR 40136,2017/08/24,https://www.gpo.gov/fdsys/pkg/FR-2017-08-24/pdf/2017-18056.pdf,,
08/24/2017,,C-563,C-533-872,C,236,ISO,Finished Carbon Steel Flanges,India,,,82 FR 40138,2017/08/24,https://www.gpo.gov/fdsys/pkg/FR-2017-08-24/pdf/2017-18057.pdf,,
09/12/2017,,A-1334,A-351-849,A,237,PRSG,Emulsion Styrene-Butadiene Rubber,Brazil,,,82 FR 42790,2017/09/12,https://www.gpo.gov/fdsys/pkg/FR-2017-09-12/pdf/2017-19287.pdf,,
09/12/2017,,A-1335,A-580-890,A,237,PRSG,Emulsion Styrene-Butadiene Rubber,Korea,,,82 FR 42790,2017/09/12,https://www.gpo.gov/fdsys/pkg/FR-2017-09-12/pdf/2017-19287.pdf,,
09/12/2017,,A-1336,A-201-848,A,237,PRSG,Emulsion Styrene-Butadiene Rubber,Mexico,,,82 FR 42790,2017/09/12,https://www.gpo.gov/fdsys/pkg/FR-2017-09-12/pdf/2017-19287.pdf,,
09/12/2017,,A-1337,A-455-805,A,237,PRSG,Emulsion Styrene-Butadiene Rubber,Poland,,,82 FR 42790,2017/09/12,https://www.gpo.gov/fdsys/pkg/FR-2017-09-12/pdf/2017-19287.pdf,,
10/02/2017,,A-1339,A-583-859,A,238,ISM,Steel Concrete Reinforcing Bar,Taiwan,,,82 FR 45809,2017/10/02,https://www.gpo.gov/fdsys/pkg/FR-2017-10-02/pdf/2017-20925.pdf,,
01/03/2018,,A-1342,A-122-857,A,240,AG,Softwood Lumber Products,Canada,,,83 FR 350,2018/01/03,https://www.gpo.gov/fdsys/pkg/FR-2018-01-03/pdf/2017-28484.pdf,,
01/03/2018,,C-566,C-122-858,C,240,AG,Softwood Lumber Products,Canada,,,83 FR 347,2018/01/03,https://www.gpo.gov/fdsys/pkg/FR-2018-01-03/pdf/2017-28483.pdf,,
01/04/2018,,C-571,C-357-821,C,241,CH,Biodiesel,Argentina,,,83 FR 522,2018/01/04,https://www.gpo.gov/fdsys/pkg/FR-2018-01-04/pdf/2017-28480.pdf,,
01/04/2018,,C-572,C-560-831,C,241,CH,Biodiesel,Indonesia,,,83 FR 522,2018/01/04,https://www.gpo.gov/fdsys/pkg/FR-2018-01-04/pdf/2017-28480.pdf,,
01/04/2018,,A-1341,A-570-051,A,242,AG,Hardwood Plywood Products,China,,,83 FR 504,2018/01/04,https://www.gpo.gov/fdsys/pkg/FR-2018-01-04/pdf/2017-28482.pdf,,
01/04/2018,,C-565,C-570-052,C,242,AG,Hardwood Plywood Products,China,,,83 FR 513,2018/01/04,https://www.gpo.gov/fdsys/pkg/FR-2018-01-04/pdf/2017-28481.pdf,,
01/24/2018,,A-1349,A-822-806,A,243,ISM,Carbon and Alloy Steel Wire Rod,Belarus,,,83 FR 3297,2018/01/24,https://www.gpo.gov/fdsys/pkg/FR-2018-01-24/pdf/2018-01254.pdf,,
01/24/2018,,A-1352,A-821-824,A,243,ISM,Carbon and Alloy Steel Wire Rod,Russia,,,83 FR 3297,2018/01/24,https://www.gpo.gov/fdsys/pkg/FR-2018-01-24/pdf/2018-01254.pdf,,
01/24/2018,,A-1357,A-520-808,A,243,ISM,Carbon and Alloy Steel Wire Rod,United Arab Emirates,,,83 FR 3297,2018/01/24,https://www.gpo.gov/fdsys/pkg/FR-2018-01-24/pdf/2018-01254.pdf,,
01/24/2018,,C-575,C-570-057,C,249,MSC,Tool Chests and Cabinets,China,,,83 FR 3299,2018/01/24,https://www.gpo.gov/fdsys/pkg/FR-2018-01-24/pdf/2018-01351.pdf,,
02/01/2018,,C-576,C-570-059,C,251,ISP,Cold-Drawn Mechanical Tubing of Carbon and Alloy Steel,China,,,83 FR 4637,2018/02/01,https://www.gpo.gov/fdsys/pkg/FR-2018-02-01/pdf/2018-02045.pdf,,
02/01/2018,,C-577,C-533-874,C,251,ISP,Cold-Drawn Mechanical Tubing of Carbon and Alloy Steel,India,,,83 FR 4637,2018/02/01,https://www.gpo.gov/fdsys/pkg/FR-2018-02-01/pdf/2018-02045.pdf,,
03/14/2018,,A-1353,A-791-823,A,243,ISM,Carbon and Alloy Steel Wire Rod,South Africa,,,83 FR 1115,2018/03/14,https://www.gpo.gov/fdsys/pkg/FR-2018-03-14/pdf/2018-05153.pdf,,
03/14/2018,,A-1356,A-823-816,A,243,ISM,Carbon and Alloy Steel Wire Rod,Ukraine,,,83 FR 1115,2018/03/14,https://www.gpo.gov/fdsys/pkg/FR-2018-03-14/pdf/2018-05153.pdf,,
03/16/2018,,C-579,C-570-061,C,244,TX,Fine Denier Polyester Staple Fiber,China,,,83 FR 11681,2018/03/16,https://www.gpo.gov/fdsys/pkg/FR-2018-03-16/pdf/2018-05371.pdf,,
03/16/2018,,C-580,C-570-061,C,244,TX,Fine Denier Polyester Staple Fiber,India,,,83 FR 11681,2018/03/16,https://www.gpo.gov/fdsys/pkg/FR-2018-03-16/pdf/2018-05371.pdf,,
04/19/2018,,A-1346,A-570-053,A,245,MM,Aluminum Foil,China,,,83 FR 17362,2018/04/19,https://www.gpo.gov/fdsys/pkg/FR-2018-04-19/pdf/2018-08115.pdf,,
04/19/2018,,C-570,C-570-054,C,245,MM,Aluminum Foil,China,,,83 FR 17360,2018/04/19,https://www.gpo.gov/fdsys/pkg/FR-2018-04-19/pdf/2018-08116.pdf,,
04/26/2018,,A-1347,A-357-820,A,241,CH,Biodiesel,Argentina,,,83 FR 18278,2018/04/26,https://www.gpo.gov/fdsys/pkg/FR-2018-04-26/pdf/2018-08775.pdf,,
04/26/2018,,A-1348,A-560-830,A,241,CH,Biodiesel,Indonesia,,,83 FR 18278,2018/04/26,https://www.gpo.gov/fdsys/pkg/FR-2018-04-26/pdf/2018-08775.pdf,,
05/08/2018,,A-1359,A-570-055,A,243,ISO,Carton-Closing Staples,China,,,83 FR 20792,2018/05/08,https://www.gpo.gov/fdsys/pkg/FR-2018-05-08/pdf/2018-09754.pdf,,
05/21/2018,,C-573,C-475-837,C,243,ISM,Carbon and Alloy Steel Wire Rod ,Italy,,,83 FR 23420,2018/05/21,https://www.gpo.gov/fdsys/pkg/FR-2018-05-21/pdf/2018-10880.pdf,,
05/21/2018,,C-574,C-489-832,C,243,ISM,Carbon and Alloy Steel Wire Rod ,Turkey,,,83 FR 23420,2018/05/21,https://www.gpo.gov/fdsys/pkg/FR-2018-05-21/pdf/2018-10880.pdf,,
05/21/2018,,A-1350,A-475-836,A,243,ISM,Carbon and Alloy Steel Wire Rod ,Italy,,,83 FR 23417 ,05/21/2018,https://www.govinfo.gov/content/pkg/FR-2018-05-21/pdf/2018-10879.pdf,,
05/21/2018,,A-1351,A-580-891,A,243,ISM,Carbon and Alloy Steel Wire Rod ,Korea,,,83 FR 23417 ,05/21/2018,https://www.govinfo.gov/content/pkg/FR-2018-05-21/pdf/2018-10879.pdf,,
05/21/2018,,A-1354,A-469-816,A,243,ISM,Carbon and Alloy Steel Wire Rod ,Spain,,,83 FR 23417 ,05/21/2018,https://www.govinfo.gov/content/pkg/FR-2018-05-21/pdf/2018-10879.pdf,,
05/21/2018,,A-1355,A-489-831,A,243,ISM,Carbon and Alloy Steel Wire Rod ,Turkey,,,83 FR 23417 ,05/21/2018,https://www.govinfo.gov/content/pkg/FR-2018-05-21/pdf/2018-10879.pdf,,
05/21/2018,,A-1358,A-412-826,A,243,ISM,Carbon and Alloy Steel Wire Rod ,United Kingdom,,,83 FR 23417 ,05/21/2018,https://www.govinfo.gov/content/pkg/FR-2018-05-21/pdf/2018-10879.pdf,,
06/04/2018,,A-1360,A-570-056,A,249,MSC,Tool Chests and Cabinets,China,,,83 FR 25645,2018/06/04,https://www.gpo.gov/fdsys/pkg/FR-2018-06-04/pdf/2018-11905.pdf,,
06/04/2018,,A-1361,A-552-821,A,249,MSC,Tool Chests and Cabinets,Vietnam,,,83 FR 25645,2018/06/04,https://www.gpo.gov/fdsys/pkg/FR-2018-06-04/pdf/2018-11905.pdf,,
06/05/2018,,C-585,C-570-065,C,250,ISO,Stainless Steel Flanges,China,,,83 FR 26006,2018/06/05,https://www.gpo.gov/fdsys/pkg/FR-2018-06-05/pdf/2018-11908.pdf,,
06/11/2018,,A-1362,A-570-058,A,251,ISP,Cold-Drawn Mechanical Tubing of Carbon and Alloy Steel,China,,,83 FR 26962,2018/06/11,https://www.gpo.gov/fdsys/pkg/FR-2018-06-11/pdf/2018-12593.pdf,,
06/11/2018,,A-1363,A-428-845,A,251,ISP,Cold-Drawn Mechanical Tubing of Carbon and Alloy Steel,Germany,,,83 FR 26962,2018/06/11,https://www.gpo.gov/fdsys/pkg/FR-2018-06-11/pdf/2018-12593.pdf,,
06/11/2018,,A-1364,A-533-873,A,251,ISP,Cold-Drawn Mechanical Tubing of Carbon and Alloy Steel,India,,,83 FR 26962,2018/06/11,https://www.gpo.gov/fdsys/pkg/FR-2018-06-11/pdf/2018-12593.pdf,,
06/11/2018,,A-1365,A-475-838,A,251,ISP,Cold-Drawn Mechanical Tubing of Carbon and Alloy Steel,Italy,,,83 FR 26962,2018/06/11,https://www.gpo.gov/fdsys/pkg/FR-2018-06-11/pdf/2018-12593.pdf,,
06/11/2018,,A-1366,A-580-892,A,251,ISP,Cold-Drawn Mechanical Tubing of Carbon and Alloy Steel,Korea,,,83 FR 26962,2018/06/11,https://www.gpo.gov/fdsys/pkg/FR-2018-06-11/pdf/2018-12593.pdf,,
06/11/2018,,A-1367,A-441-801,A,251,ISP,Cold-Drawn Mechanical Tubing of Carbon and Alloy Steel,Switzerland,,,83 FR 26962,2018/06/11,https://www.gpo.gov/fdsys/pkg/FR-2018-06-11/pdf/2018-12593.pdf,,
07/20/2018,,A-1369,A-570-060,A,244,TX,Fine Denier Polyester Staple Fiber,China,,,83 FR 34545,2018/07/20,https://www.gpo.gov/fdsys/pkg/FR-2018-07-20/pdf/2018-15567.pdf,,
07/20/2018,,A-1370,A-533-875,A,244,TX,Fine Denier Polyester Staple Fiber,India,,,83 FR 34545,2018/07/20,https://www.gpo.gov/fdsys/pkg/FR-2018-07-20/pdf/2018-15567.pdf,,
07/20/2018,,A-1371,A-580-893,A,244,TX,Fine Denier Polyester Staple Fiber,Korea,,,83 FR 34545,2018/07/20,https://www.gpo.gov/fdsys/pkg/FR-2018-07-20/pdf/2018-15567.pdf,,
07/20/2018,,A-1372,A-583-860,A,244,TX,Fine Denier Polyester Staple Fiber,Taiwan,,,83 FR 34545,2018/07/20,https://www.gpo.gov/fdsys/pkg/FR-2018-07-20/pdf/2018-15567.pdf,,
07/25/2018,,A-1374,A-423-813,A,266,CH,Citric Acid and Certain Citrate Salts,Belgium,,,83 FR 35214,2018/07/25,https://www.gpo.gov/fdsys/pkg/FR-2018-07-25/pdf/2018-15885.pdf,,
07/25/2018,,A-1375,A-301-803,A,266,CH,Citric Acid and Certain Citrate Salts,Columbia,,,83 FR 35214,2018/07/25,https://www.gpo.gov/fdsys/pkg/FR-2018-07-25/pdf/2018-15885.pdf,,
07/25/2018,,A-1376,A-549-833,A,266,CH,Citric Acid and Certain Citrate Salts,Thailand,,,83 FR 35214,2018/07/25,https://www.gpo.gov/fdsys/pkg/FR-2018-07-25/pdf/2018-15885.pdf,,
08/01/2018,,A-1377,A-469-817,A,273,AG,Ripe Olives,Spain,,,83 FR 37465,2018/08/01,https://www.gpo.gov/fdsys/pkg/FR-2018-08-01/pdf/2018-16450.pdf,,
08/01/2018,,C-582,C-469-818,C,273,AG,Ripe Olives,Spain,,,83 FR 37469,2018/08/01,https://www.gpo.gov/fdsys/pkg/FR-2018-08-01/pdf/2018-16449.pdf,,
08/01/2018,,A-1383,A-570-064,A,250,ISO,Stainless Steel Flanges,China,,,83 FR 37468,2018/08/01,https://www.gpo.gov/fdsys/pkg/FR-2018-08-01/pdf/2018-16348.pdf,,
08/16/2018,,A-1378,A-580-895,A,261,TX,Low Melt Polyester Staple Fiber,Korea,,,83 FR 40752,2018/08/16,https://www.gpo.gov/fdsys/pkg/FR-2018-08-16/pdf/2018-17691.pdf,,
08/16/2018,,A-1379,A-583-861,A,261,TX,Low Melt Polyester Staple Fiber,Taiwan,,,83 FR 40752,2018/08/16,https://www.gpo.gov/fdsys/pkg/FR-2018-08-16/pdf/2018-17691.pdf,,
08/31/2018,,A-1381,A-570-062,A,252,ISO,Cast Iron Soil Pipe Fittings,China,,,83 FR 44570,2018/08/31,https://www.gpo.gov/fdsys/pkg/FR-2018-08-31/pdf/2018-19094.pdf,,
08/31/2018,,C-583,C-570-063,C,252,ISO,Cast Iron Soil Pipe Fittings,China,,,83 FR 44566,2018/08/31,https://www.gpo.gov/fdsys/pkg/FR-2018-08-31/pdf/2018-19095.pdf,,
09/24/2018,,A-1396,A-583-863,A,253,ISO,Forged Steel Fittings,Taiwan,,,83 FR 48280,2018/09/24,https://www.gpo.gov/fdsys/pkg/FR-2018-09-24/pdf/2018-20797.pdf,,
10/05/2018,,C-586,C-53-878,C,250,ISO,Stainless Steel Flanges,India,,,83 FR 50336,2018/10/05,https://www.gpo.gov/fdsys/pkg/FR-2018-10-05/pdf/2018-21732.pdf,,
10/09/2018,,A-1384,A-533-877,A,250,ISO,Stainless Steel Flanges,India,,,83 FR 50639,2018/10/09,https://www.gpo.gov/fdsys/pkg/FR-2018-10-09/pdf/2018-21851.pdf,,
11/13/2018,,A-1397,A-570-071,A,255,CH,Sodium Gluconate,China,,,83 FR 56299,2018/11/13,https://www.gpo.gov/fdsys/pkg/FR-2018-11-13/pdf/2018-24705.pdf,,
11/13/2018,,C-590,C-570-072,C,255,CH,Sodium Gluconate,China,,,83 FR 56299,2018/11/13,https://www.gpo.gov/fdsys/pkg/FR-2018-11-13/pdf/2018-24705.pdf,,
11/26/2018,,A-1394,A-475-839,A,253,ISO,Forged Steel Fittings,Italy,,,83 FR 60397,2018/11/26,https://www.gpo.gov/fdsys/pkg/FR-2018-11-26/pdf/2018-25703.pdf,,
11/26/2018,,A-1395,A-570-067,A,253,ISO,Forged Steel Fittings,China,,,83 FR 60397,2018/11/26,https://www.gpo.gov/fdsys/pkg/FR-2018-11-26/pdf/2018-25703.pdf,,
11/26/2018,,C-589,C-570-068,C,253,ISO,Forged Steel Fittings,China,,,83 FR 60396,2018/11/26,https://www.gpo.gov/fdsys/pkg/FR-2018-11-26/pdf/2018-25704.pdf,,
01/31/2019,,C-591,C-570-074,C,277,MM,Common Alloy Aluminum Sheet,China,,,84 FR 2157,2019/02/06,https://www.govinfo.gov/content/pkg/FR-2019-02-06/pdf/2019-01273.pdf,,
02/05/2019,,A-1399,A-570-073,A,277,MM,Common Alloy Aluminum Sheet,China,,,84 FR 2813,2019/02/08,https://www.govinfo.gov/content/pkg/FR-2019-02-08/pdf/2019-01836.pdf,,
02/12/2019,,C-556,C-570-041,C,258,PRSG,Truck and Bus Tires,China,,,84 FR 4434,2019/02/15,https://www.govinfo.gov/content/pkg/FR-2019-02-15/pdf/2019-02657.pdf,,
02/12/2019,,A-1311,A-570-040,A,258,PRSG,Truck and Bus Tires,China,,,84 FR 4436,2019/02/15,https://www.govinfo.gov/content/pkg/FR-2019-02-15/pdf/2019-02656.pdf,,
02/13/2019,,C-598,C-570-070,C,264,PRSG,Rubber Bands,China,,,84 FR 4774,2019/02/19,https://www.govinfo.gov/content/pkg/FR-2019-02-19/pdf/2019-02783.pdf,,
02/13/2019,,A-1408,A-570-069,A,264,PRSG,Rubber Bands,China,,,84 FR 4774,2019/02/19,https://www.govinfo.gov/content/pkg/FR-2019-02-19/pdf/2019-02783.pdf,,
02/28/2019,,C-594,C-533-882,C,249,ISP,Large Diameter Welded Pipe,India,,,84 FR 8085,2019/02/28,https://www.govinfo.gov/content/pkg/FR-2019-03-06/pdf/2019-04047.pdf,,
02/28/2019,,C-593,C-570-078,C,249,ISP,Large Diameter Welded Pipe,China,,,84 FR 8075,2019/03/06,https://www.govinfo.gov/content/pkg/FR-2019-03-06/pdf/2019-04049.pdf,,
02/28/2019,,A-1402,A-570-077,A,249,ISP,Large Diameter Welded Pipe,China,,,84 FR 8083,2019/03/06,https://www.govinfo.gov/content/pkg/FR-2019-03-06/pdf/2019-04050.pdf,,
02/28/2019,,A-1404,A-533-881,A,249,ISP,Large Diameter Welded Pipe,India,,,84 FR 8079,2019/03/06,https://www.govinfo.gov/content/pkg/FR-2019-03-06/pdf/2019-04048.pdf,,
03/19/2019,,C-592,C-570-076,C,250,PRSG,Plastic Decorative Ribbon,China,,,84 FR 10786,2019/03/22,https://www.govinfo.gov/content/pkg/FR-2019-03-22/pdf/2019-05520.pdf,,
03/19/2019,,A-1400,A-570-075,A,250,PRSG,Plastic Decorative Ribbon,China,,,84 FR 10786,2019/03/22,https://www.govinfo.gov/content/pkg/FR-2019-03-22/pdf/2019-05520.pdf,,
04/22/2019,,A-1410,A-549-835,A,264,ISO,Rubber Bands,Thailand,,,84 FR 17779,2019/04/26,https://www.govinfo.gov/content/pkg/FR-2019-04-26/pdf/2019-08450.pdf,,
04/23/2019,,A-1401,A-122-863,A,249,ISP,Large Diameter Welded Pipe,Canada,,,84 FR 18775,2019/05/02,https://www.govinfo.gov/content/pkg/FR-2019-05-02/pdf/2019-08955.pdf,,
04/23/2019,,C-595,C-580-898,C,249,ISP,Large Diameter Welded Pipe,Korea,,,84 FR 18773,2019/04/23,https://www.govinfo.gov/content/pkg/FR-2019-05-02/pdf/2019-08951.pdf,,
04/23/2019,,C-596,C-489-834,C,249,ISP,Large Diameter Welded Pipe,Turkey,,,84 FR 18771,2019/04/23,https://www.govinfo.gov/content/pkg/FR-2019-05-02/pdf/2019-08952.pdf,,
04/23/2019,,A-1403,A-484-803,A,249,ISP,Large Diameter Welded Pipe,Greece,,,84 FR 18769,2019/05/02,https://www.govinfo.gov/content/pkg/FR-2019-05-02/pdf/2019-08954.pdf,,
04/23/2019,,A-1405,A-580-897,A,249,ISP,Large Diameter Welded Pipe,Korea,,,84 FR 18767 ,2019/05/02,https://www.govinfo.gov/content/pkg/FR-2019-05-02/pdf/2019-08950.pdf,,
04/23/2019,,A-1406,A-489-833,A,249,ISP,Large Diameter Welded Pipe,Turkey,,,84 FR 18799,2019/05/02,https://www.govinfo.gov/content/pkg/FR-2019-05-02/pdf/2019-08953.pdf,,
04/26/2019,,A-1407,A-570-079,A,259,ISP,Cast Iron Soil Pipe,China,,,84 FR 19035,2019/05/03,https://www.govinfo.gov/content/pkg/FR-2019-05-03/pdf/2019-09068.pdf,,
04/26/2019,,C-597,C-570-080,C,259,ISP,Cast Iron Soil Pipe,China,,,84 FR 19039,2019/05/03,https://www.govinfo.gov/content/pkg/FR-2019-05-03/pdf/2019-09067.pdf,,
05/21/2019,,A-1412,A-570-082,A,254,TR,Steel Wheels,China,,,84 FR 24098,2019/05/24,https://www.govinfo.gov/content/pkg/FR-2019-05-24/pdf/2019-11015.pdf,,
05/21/2019,,C-602,C-570-083,C,254,TR,Steel Wheels,China,,,84 FR 24098,2019/05/24,https://www.govinfo.gov/content/pkg/FR-2019-05-24/pdf/2019-11015.pdf,,
05/28/2019,,C-601,C-552-824,C,276,TX,Laminated Woven Sacks,Vietnam,,,84 FR 25753,2019/05/28,https://www.govinfo.gov/content/pkg/FR-2019-06-04/pdf/2019-11579.pdf,,
05/28/2019,,A-1411,A-552-823,A,276,TX,Laminated Woven Sacks,Vietnam,,,84 FR 25753,2019/06/04,https://www.govinfo.gov/content/pkg/FR-2019-06-04/pdf/2019-11579.pdf,,
06/18/2019,,C-603,C–570–081,C,256,CH,Glycine,China ,,,84 FR 29173,2019/06/21,https://www.govinfo.gov/content/pkg/FR-2019-06-21/pdf/2019-13361.pdf,,
06/18/2019,,C-604,C–533–884,C,256,CH,Glycine,India ,,,84 FR 29173,2019/06/18,https://www.govinfo.gov/content/pkg/FR-2019-06-21/pdf/2019-13361.pdf,,
06/18/2019,,A–1414,A–533–883,A,256,CH,Glycine,India ,,,84 FR 29170,2019/06/21,https://www.govinfo.gov/content/pkg/FR-2019-06-21/pdf/2019-13362.pdf,,
06/18/2019,,A-1415,A–588–878,A,256,CH,Glycine,Japan,,,84 FR 29170,2019/06/21,https://www.govinfo.gov/content/pkg/FR-2019-06-21/pdf/2019-13362.pdf,,
07/08/2019,,A-1416,A–570–084,A,257,PRSGC,Quartz,China,,,84 FR 33053 ,07/11/2019,https://www.govinfo.gov/content/pkg/FR-2019-07-11/pdf/2019-14865.pdf,,
07/08/2019,,C-606,C–570–085,C,257,PRSGC,Quartz ,China,,,84 FR 33053 ,07/08/2019,https://www.govinfo.gov/content/pkg/FR-2019-07-11/pdf/2019-14865.pdf,,
08/07/2019,,A-1441,A-570-086,A,258,ISO,Steel Propane Cylinders,China,,,84 FR 41703 ,2019/08/15,https://www.govinfo.gov/content/pkg/FR-2019-08-15/pdf/2019-17312.pdf,,
08/07/2019,,C-607,C-570-087,C,260,ISO,Steel Propane Cylinders,China,,,84 FR 41700 ,08/15/2019,https://www.govinfo.gov/content/pkg/FR-2019-08-15/pdf/2019-17313.pdf,,
08/07/2019,,A-1444,A-549-839,A,260,ISO,Steel Propane Cylinders,Thailand ,,,84 FR 41703 ,2019/08/15,https://www.govinfo.gov/content/pkg/FR-2019-08-15/pdf/2019-17312.pdf,,
08/23/2019,,A-1421,A-570-090,A,262,TR,Steel Trailer Wheels,China,,,84 FR 45952,2019/09/03,https://www.govinfo.gov/content/pkg/FR-2019-09-03/pdf/2019-18937.pdf,,
08/23/2019,,C-609,C-570-091,C,262,TR,Steel Trailer Wheels,China,,,84 FR 45952,2019/09/03,https://www.govinfo.gov/content/pkg/FR-2019-09-03/pdf/2019-18937.pdf,,
09/11/2019,,A-1420,A-570-088,A,263,ISO,Steel Racks,China,,,84 FR 48584,2019/09/16,https://www.govinfo.gov/content/pkg/FR-2019-09-16/pdf/2019-19949.pdf,,
09/11/2019,,C-608,C–570–089,C,263,MSC,Steel Racks,China,,,84 FR 48584,2019/09/16,https://www.govinfo.gov/content/pkg/FR-2019-09-16/pdf/2019-19949.pdf,,
10/04/2019,,A-1427,A–201–849,A,268,ISO,Refillable Stainless Steel Kegs,Mexico,,,84 FR 54591 ,          10/0/2019,https://www.govinfo.gov/content/pkg/FR-2019-10-10/pdf/2019-22279.pdf,,
10/10/2019,,A-1415,A-549-837,A,256,CH,Glycine,Thailand ,,,84 FR 55912,2019/10/18,https://www.govinfo.gov/content/pkg/FR-2019-10-18/pdf/2019-22764.pdf,,
11/21/2019,,A-1422,A-433-813 ,A,265,CH,Strontium Chromate,Austria,,,84 FR 65349 ,2019/11/27,https://www.govinfo.gov/content/pkg/FR-2019-11-27/pdf/2019-25776.pdf,,
11/22/2019,,A-1423,A-427-830,A,265,CH,Strontium Chromate,France,,,84 FR 65349 ,2019/11/27,https://www.govinfo.gov/content/pkg/FR-2019-11-27/pdf/2019-25776.pdf,,
12/05/2019,,A1449,A-570-110,A,267,MSC,Vertical Metal File Cabinets,China ,,,"84 FR 68121
",12/13/2019,https://www.govinfo.gov/content/pkg/FR-2019-12-13/pdf/2019-27028.pdf,,
12/05/2019,,C-623,C-570-111,C,267,MSC,Vertical Metal File Cabinets,China,,,84 FR 68121,12/13/2019,https://www.govinfo.gov/content/pkg/FR-2019-12-13/pdf/2019-27028.pdf,,
12/06/2019,,A-1444,A–549–840,A,274,ISO,Carbon and Alloy Steel Threaded Rod,Thailand ,,,"84 FR 68108
",2019/12/13,https://www.govinfo.gov/content/pkg/FR-2019-12-13/pdf/2019-27044.pdf,,
12/11/2019,,A-1425,A-570-093,A,268,ISO,Refillable Stainless Steel Kegs,China ,,," 84 FR 68405
",2019/12/16,https://www.govinfo.gov/content/pkg/FR-2019-12-16/pdf/2019-27128.pdf,,
12/11/2019,,C-610,C-570-094,C,268,ISO,Refillable Stainless Steel Kegs,China,,,84 FR 68400,2019/12/16,https://www.govinfo.gov/content/pkg/FR-2019-12-16/pdf/2019-27129.pdf,,
12/12/2019,,A-1424,"A-570-092
",A,269,MSC,Mattresses ,China ,,,"84 FR 68395
",2019/12/16,https://www.govinfo.gov/content/pkg/FR-2019-12-16/pdf/2019-27166.pdf,,
12/16/2019,,A-1438,A-559-808,A,270,CH,Acetone ,Singapore,,,84 FR 70146 ,2019/12/20,https://www.govinfo.gov/content/pkg/FR-2019-12-20/pdf/2019-27533.pdf,,
12/16/2019,,A-1440,A-469-819,A,270,CH,Acetone ,Spain ,,,84 FR 70146 ,2019/12/20,https://www.govinfo.gov/content/pkg/FR-2019-12-20/pdf/2019-27533.pdf,,
12/17/2019,,A-1428,A-570-095,A,271,MM,Aluminum Wire and Cable ,China,,,84 FR 70496 ,12/23/2019,https://www.govinfo.gov/content/pkg/FR-2019-12-23/pdf/2019-27641.pdf,,
12/17/2019,,C-611,C-570-096,C,271,MM,Aluminum Wire and Cable ,China,,,84 FR 70496 ,12/23/2019,https://www.govinfo.gov/content/pkg/FR-2019-12-23/pdf/2019-27641.pdf,,
02/20/2009,,A-1430,A-533-885,A,272,TX,Polyester Textured Yarn,India ,,,85 FR 1298,2020/01/06,https://www.govinfo.gov/content/pkg/FR-2020-01-10/pdf/2020-00247.pdf,,
01/06/2020,,A-1429,C-533-097,A,272,TX,Polyester Textured Yarn,China ,,,85 FR 1298,2020/01/06,https://www.govinfo.gov/content/pkg/FR-2020-01-10/pdf/2020-00247.pdf,,
01/06/2020,,C-612,C-533-098,C,272,TX,Polyester Textured Yarn,China,,,85 FR 1301,2020/01/06,https://www.govinfo.gov/content/pkg/FR-2020-01-10/pdf/2020-00245.pdf,,
01/06/2020,,C-613,C-533–886,C,272,TX,Polyester Textured Yarn,India ,,,85 FR 1301,2020/01/06,https://www.govinfo.gov/content/pkg/FR-2020-01-10/pdf/2020-00245.pdf,,
01/06/2020,,A-1430,C-533-098,C,272,TX,Polyester Textured Yarn,India ,,,85 FR 1301,2020/01/06,https://www.govinfo.gov/content/pkg/FR-2020-01-10/pdf/2020-00247.pdf,,
01/24/2020,,A-1443,A-583-865,A,274,ISO,Carbon and Alloy Steel Threaded Rod,Taiwan ,,,85 FR 6511,2020/02/05,https://www.govinfo.gov/content/pkg/FR-2020-02-05/pdf/2020-02274.pdf,,
03/17/2020,,A-1439,A-580-899,A,270,CH,Acetone,South Africa,,,85 FR 17866,2020/03/31,https://www.govinfo.gov/content/pkg/FR-2020-03-31/pdf/2020-06639.pdf,,
03/17/2020,,A-1436,A-791-824,A,270,CH,Acetone,Korea,,,85 FR 17866,2020/03/31,https://www.govinfo.gov/content/pkg/FR-2020-03-31/pdf/2020-06639.pdf,,
03/17/2020,,A-1435,A-423-814,A,270,CH,Acetone ,Belgium,,,85 FR 17866,2020/03/31,https://www.govinfo.gov/content/pkg/FR-2020-03-31/pdf/2020-06639.pdf,,
04/03/2020,,A-1441,A-570-104,A,274,ISO,Carbon and Alloy Steel Threaded Rod,China,,,85 FR 19929,2020/04/09,https://www.govinfo.gov/content/pkg/FR-2020-04-09/pdf/2020-07482.pdf,,
04/03/2020,,A-1442,A-533-887,A,274,ISO,Carbon and Alloy Steel Threaded Rod,India,,,85 FR 19925,2020/04/09,https://www.govinfo.gov/content/pkg/FR-2020-04-09/pdf/2020-07481.pdf,,
04/03/2020,,C-619,C-533-888,C,274,ISO,Carbon and Alloy Steel Threaded Rod,India,,,85 FR 19927,2020/04/09,https://www.govinfo.gov/content/pkg/FR-2020-04-09/pdf/2020-07483.pdf,,
04/03/2020,,C-618, C-570-105,C,274,ISO,Carbon and Alloy Steel Threaded Rod,China,,,85 FR 19927,2020/04/09,https://www.govinfo.gov/content/pkg/FR-2020-04-09/pdf/2020-07483.pdf,,
04/13/2020,,C-620,C-570-107,C,278,MSC,Wooden Cabinets and Vanities,China,,,85 FR 22134,2020/04/21,https://www.govinfo.gov/content/pkg/FR-2020-04-21/pdf/2020-08546.pdf,,
04/13/2020,,A-1445,A-570-106,A,278,MSC,Wooden Cabinets and Vanities,China,,,85 FR 22126,2020/04/21,https://www.govinfo.gov/content/pkg/FR-2020-04-21/pdf/2020-08544.pdf,,
05/26/2020,,A-1447,A-570-108,A,279,MSC,Ceramic Tile,China,,,85 FR 33089,2020/06/01,https://www.govinfo.gov/content/pkg/FR-2020-06-01/pdf/2020-11721.pdf,,
05/26/2020,,C-621,C-570-109 ,C,279,MSC,Ceramic Tile,China,,,85 FR 33119,2020/06/01,https://www.govinfo.gov/content/pkg/FR-2020-06-01/pdf/2020-11722.pdf,,
06/15/2020,,A-1450,A-533-889,A,280,PRSG,Quartz Surface Products,India,,,85 FR 37422,2020/06/22,https://www.govinfo.gov/content/pkg/FR-2020-06-22/pdf/2020-13401.pdf,,
06/15/2020,,A-1451,A-489-837,A,280,PRSG,Quartz Surface Products,Turkey,,,85 FR 37422,2020/06/22,https://www.govinfo.gov/content/pkg/FR-2020-06-22/pdf/2020-13401.pdf,,
06/15/2020,,C-624,C-489-838,C,280,PRSG,Quartz Surface Products,India,,,85 FR 37431,2020/06/22,https://www.govinfo.gov/content/pkg/FR-2020-06-22/pdf/2020-13374.pdf,,
2020/06/15,,C-625,C-533-890,C,280,PRSG,Quartz Surface Products,Turkey,,,85 FR 37431,2020/06/22,https://www.govinfo.gov/content/pkg/FR-2020-06-22/pdf/2020-13374.pdf,,
07/14/2020,,A-1452,A-570-112,A,281,MSC,Certain Collated Steel Staples,China,,,85 FR 43815,2020/07/20,https://www.govinfo.gov/content/pkg/FR-2020-07-20/pdf/2020-15622.pdf,,
2020/07/14,,C-626,C-570-113,C,281,MSC,Certain Collated Steel Staples,China,,,85 FR 43813,2020/07/20,https://www.govinfo.gov/content/pkg/FR-2020-07-20/pdf/2020-15623.pdf,,
08/20/2020,,A-1458,A-122-867,A,,ME,Utility Scale Wind Towers,,Canada,,85 FR 52546,2020/08/26,https://www.govinfo.gov/content/pkg/FR-2020-08-26/pdf/2020-18792.pdf,,
08/20/2020,,A-1459,A-560-833,A,,ME,Utility Scale Wind Towers,,Indonesia,,85 FR 52546,2020/08/26,https://www.govinfo.gov/content/pkg/FR-2020-08-26/pdf/2020-18792.pdf,,
08/20/2020,,A-1460,A-580-902,A,,ME,Utility Scale Wind Towers,,Korea,,85 FR 52546,2020/08/26,https://www.govinfo.gov/content/pkg/FR-2020-08-26/pdf/2020-18792.pdf,,
08/20/2020,,A-1461,A-552-825,A,,ME,Utility Scale Wind Towers,,Vietnam,,85 FR 52546,2020/08/26,https://www.govinfo.gov/content/pkg/FR-2020-08-26/pdf/2020-18792.pdf,,
08/20/2020,,701-TA-627,C-122-868,C,,ME,Utility Scale Wind Towers,,Canada ,,85 FR 52546,2020/08/26,https://www.govinfo.gov/content/pkg/FR-2020-08-26/pdf/2020-18792.pdf,,
08/20/2020,,701-TA-628,C-560-834,C,,ME,Utility Scale Wind Towers,,Indonesia,,85 FR 52543,2020/08/26,https://www.govinfo.gov/content/pkg/FR-2020-08-26/pdf/2020-18793.pdf,,
08/20/2020,,701-TA-629,C--552-826,C,,ME,Utility Scale Wind Towers,,Vietnam,,85 FR 52543,2020/08/26,https://www.govinfo.gov/content/pkg/FR-2020-08-26/pdf/2020-18793.pdf,,